a2a|grpc|client|client|CancelTask|malformed	SKIP	UNSUPPORTED: a2a is proven by its conformance rig, not recorded here	named gap on the golden, never owed
a2a|grpc|client|client|CancelTask|ok	SKIP	UNSUPPORTED: a2a is proven by its conformance rig, not recorded here	named gap on the golden, never owed
a2a|grpc|client|client|CancelTask|out_of_scope	SKIP	UNSUPPORTED: a2a is proven by its conformance rig, not recorded here	named gap on the golden, never owed
a2a|grpc|client|client|CancelTask|over_budget	SKIP	UNSUPPORTED: a2a is proven by its conformance rig, not recorded here	named gap on the golden, never owed
a2a|grpc|client|client|CancelTask|unauthenticated	SKIP	UNSUPPORTED: a2a is proven by its conformance rig, not recorded here	named gap on the golden, never owed
a2a|grpc|client|client|CancelTask|upstream_down	SKIP	UNSUPPORTED: a2a is proven by its conformance rig, not recorded here	named gap on the golden, never owed
a2a|grpc|client|client|CreateTaskPushNotificationConfig|malformed	SKIP	UNSUPPORTED: a2a is proven by its conformance rig, not recorded here	named gap on the golden, never owed
a2a|grpc|client|client|CreateTaskPushNotificationConfig|ok	SKIP	UNSUPPORTED: a2a is proven by its conformance rig, not recorded here	named gap on the golden, never owed
a2a|grpc|client|client|CreateTaskPushNotificationConfig|out_of_scope	SKIP	UNSUPPORTED: a2a is proven by its conformance rig, not recorded here	named gap on the golden, never owed
a2a|grpc|client|client|CreateTaskPushNotificationConfig|over_budget	SKIP	UNSUPPORTED: a2a is proven by its conformance rig, not recorded here	named gap on the golden, never owed
a2a|grpc|client|client|CreateTaskPushNotificationConfig|unauthenticated	SKIP	UNSUPPORTED: a2a is proven by its conformance rig, not recorded here	named gap on the golden, never owed
a2a|grpc|client|client|CreateTaskPushNotificationConfig|upstream_down	SKIP	UNSUPPORTED: a2a is proven by its conformance rig, not recorded here	named gap on the golden, never owed
a2a|grpc|client|client|DeleteTaskPushNotificationConfig|malformed	SKIP	UNSUPPORTED: a2a is proven by its conformance rig, not recorded here	named gap on the golden, never owed
a2a|grpc|client|client|DeleteTaskPushNotificationConfig|ok	SKIP	UNSUPPORTED: a2a is proven by its conformance rig, not recorded here	named gap on the golden, never owed
a2a|grpc|client|client|DeleteTaskPushNotificationConfig|out_of_scope	SKIP	UNSUPPORTED: a2a is proven by its conformance rig, not recorded here	named gap on the golden, never owed
a2a|grpc|client|client|DeleteTaskPushNotificationConfig|over_budget	SKIP	UNSUPPORTED: a2a is proven by its conformance rig, not recorded here	named gap on the golden, never owed
a2a|grpc|client|client|DeleteTaskPushNotificationConfig|unauthenticated	SKIP	UNSUPPORTED: a2a is proven by its conformance rig, not recorded here	named gap on the golden, never owed
a2a|grpc|client|client|DeleteTaskPushNotificationConfig|upstream_down	SKIP	UNSUPPORTED: a2a is proven by its conformance rig, not recorded here	named gap on the golden, never owed
a2a|grpc|client|client|GET /.well-known/agent-card.json|malformed	SKIP	UNSUPPORTED: a2a is proven by its conformance rig, not recorded here	named gap on the golden, never owed
a2a|grpc|client|client|GET /.well-known/agent-card.json|ok	SKIP	UNSUPPORTED: a2a is proven by its conformance rig, not recorded here	named gap on the golden, never owed
a2a|grpc|client|client|GET /.well-known/agent-card.json|out_of_scope	SKIP	UNSUPPORTED: a2a is proven by its conformance rig, not recorded here	named gap on the golden, never owed
a2a|grpc|client|client|GET /.well-known/agent-card.json|over_budget	SKIP	UNSUPPORTED: a2a is proven by its conformance rig, not recorded here	named gap on the golden, never owed
a2a|grpc|client|client|GET /.well-known/agent-card.json|unauthenticated	SKIP	UNSUPPORTED: a2a is proven by its conformance rig, not recorded here	named gap on the golden, never owed
a2a|grpc|client|client|GET /.well-known/agent-card.json|upstream_down	SKIP	UNSUPPORTED: a2a is proven by its conformance rig, not recorded here	named gap on the golden, never owed
a2a|grpc|client|client|GetExtendedAgentCard|malformed	SKIP	UNSUPPORTED: a2a is proven by its conformance rig, not recorded here	named gap on the golden, never owed
a2a|grpc|client|client|GetExtendedAgentCard|ok	SKIP	UNSUPPORTED: a2a is proven by its conformance rig, not recorded here	named gap on the golden, never owed
a2a|grpc|client|client|GetExtendedAgentCard|out_of_scope	SKIP	UNSUPPORTED: a2a is proven by its conformance rig, not recorded here	named gap on the golden, never owed
a2a|grpc|client|client|GetExtendedAgentCard|over_budget	SKIP	UNSUPPORTED: a2a is proven by its conformance rig, not recorded here	named gap on the golden, never owed
a2a|grpc|client|client|GetExtendedAgentCard|unauthenticated	SKIP	UNSUPPORTED: a2a is proven by its conformance rig, not recorded here	named gap on the golden, never owed
a2a|grpc|client|client|GetExtendedAgentCard|upstream_down	SKIP	UNSUPPORTED: a2a is proven by its conformance rig, not recorded here	named gap on the golden, never owed
a2a|grpc|client|client|GetTaskPushNotificationConfig|malformed	SKIP	UNSUPPORTED: a2a is proven by its conformance rig, not recorded here	named gap on the golden, never owed
a2a|grpc|client|client|GetTaskPushNotificationConfig|ok	SKIP	UNSUPPORTED: a2a is proven by its conformance rig, not recorded here	named gap on the golden, never owed
a2a|grpc|client|client|GetTaskPushNotificationConfig|out_of_scope	SKIP	UNSUPPORTED: a2a is proven by its conformance rig, not recorded here	named gap on the golden, never owed
a2a|grpc|client|client|GetTaskPushNotificationConfig|over_budget	SKIP	UNSUPPORTED: a2a is proven by its conformance rig, not recorded here	named gap on the golden, never owed
a2a|grpc|client|client|GetTaskPushNotificationConfig|unauthenticated	SKIP	UNSUPPORTED: a2a is proven by its conformance rig, not recorded here	named gap on the golden, never owed
a2a|grpc|client|client|GetTaskPushNotificationConfig|upstream_down	SKIP	UNSUPPORTED: a2a is proven by its conformance rig, not recorded here	named gap on the golden, never owed
a2a|grpc|client|client|GetTask|malformed	SKIP	UNSUPPORTED: a2a is proven by its conformance rig, not recorded here	named gap on the golden, never owed
a2a|grpc|client|client|GetTask|ok	SKIP	UNSUPPORTED: a2a is proven by its conformance rig, not recorded here	named gap on the golden, never owed
a2a|grpc|client|client|GetTask|out_of_scope	SKIP	UNSUPPORTED: a2a is proven by its conformance rig, not recorded here	named gap on the golden, never owed
a2a|grpc|client|client|GetTask|over_budget	SKIP	UNSUPPORTED: a2a is proven by its conformance rig, not recorded here	named gap on the golden, never owed
a2a|grpc|client|client|GetTask|unauthenticated	SKIP	UNSUPPORTED: a2a is proven by its conformance rig, not recorded here	named gap on the golden, never owed
a2a|grpc|client|client|GetTask|upstream_down	SKIP	UNSUPPORTED: a2a is proven by its conformance rig, not recorded here	named gap on the golden, never owed
a2a|grpc|client|client|ListTaskPushNotificationConfigs|malformed	SKIP	UNSUPPORTED: a2a is proven by its conformance rig, not recorded here	named gap on the golden, never owed
a2a|grpc|client|client|ListTaskPushNotificationConfigs|ok	SKIP	UNSUPPORTED: a2a is proven by its conformance rig, not recorded here	named gap on the golden, never owed
a2a|grpc|client|client|ListTaskPushNotificationConfigs|out_of_scope	SKIP	UNSUPPORTED: a2a is proven by its conformance rig, not recorded here	named gap on the golden, never owed
a2a|grpc|client|client|ListTaskPushNotificationConfigs|over_budget	SKIP	UNSUPPORTED: a2a is proven by its conformance rig, not recorded here	named gap on the golden, never owed
a2a|grpc|client|client|ListTaskPushNotificationConfigs|unauthenticated	SKIP	UNSUPPORTED: a2a is proven by its conformance rig, not recorded here	named gap on the golden, never owed
a2a|grpc|client|client|ListTaskPushNotificationConfigs|upstream_down	SKIP	UNSUPPORTED: a2a is proven by its conformance rig, not recorded here	named gap on the golden, never owed
a2a|grpc|client|client|ListTasks|malformed	SKIP	UNSUPPORTED: a2a is proven by its conformance rig, not recorded here	named gap on the golden, never owed
a2a|grpc|client|client|ListTasks|ok	SKIP	UNSUPPORTED: a2a is proven by its conformance rig, not recorded here	named gap on the golden, never owed
a2a|grpc|client|client|ListTasks|out_of_scope	SKIP	UNSUPPORTED: a2a is proven by its conformance rig, not recorded here	named gap on the golden, never owed
a2a|grpc|client|client|ListTasks|over_budget	SKIP	UNSUPPORTED: a2a is proven by its conformance rig, not recorded here	named gap on the golden, never owed
a2a|grpc|client|client|ListTasks|unauthenticated	SKIP	UNSUPPORTED: a2a is proven by its conformance rig, not recorded here	named gap on the golden, never owed
a2a|grpc|client|client|ListTasks|upstream_down	SKIP	UNSUPPORTED: a2a is proven by its conformance rig, not recorded here	named gap on the golden, never owed
a2a|grpc|client|client|SendMessage|malformed	SKIP	UNSUPPORTED: a2a is proven by its conformance rig, not recorded here	named gap on the golden, never owed
a2a|grpc|client|client|SendMessage|ok	SKIP	UNSUPPORTED: a2a is proven by its conformance rig, not recorded here	named gap on the golden, never owed
a2a|grpc|client|client|SendMessage|out_of_scope	SKIP	UNSUPPORTED: a2a is proven by its conformance rig, not recorded here	named gap on the golden, never owed
a2a|grpc|client|client|SendMessage|over_budget	SKIP	UNSUPPORTED: a2a is proven by its conformance rig, not recorded here	named gap on the golden, never owed
a2a|grpc|client|client|SendMessage|unauthenticated	SKIP	UNSUPPORTED: a2a is proven by its conformance rig, not recorded here	named gap on the golden, never owed
a2a|grpc|client|client|SendMessage|upstream_down	SKIP	UNSUPPORTED: a2a is proven by its conformance rig, not recorded here	named gap on the golden, never owed
a2a|grpc|client|client|SendStreamingMessage|malformed	SKIP	UNSUPPORTED: a2a is proven by its conformance rig, not recorded here	named gap on the golden, never owed
a2a|grpc|client|client|SendStreamingMessage|ok	SKIP	UNSUPPORTED: a2a is proven by its conformance rig, not recorded here	named gap on the golden, never owed
a2a|grpc|client|client|SendStreamingMessage|out_of_scope	SKIP	UNSUPPORTED: a2a is proven by its conformance rig, not recorded here	named gap on the golden, never owed
a2a|grpc|client|client|SendStreamingMessage|over_budget	SKIP	UNSUPPORTED: a2a is proven by its conformance rig, not recorded here	named gap on the golden, never owed
a2a|grpc|client|client|SendStreamingMessage|unauthenticated	SKIP	UNSUPPORTED: a2a is proven by its conformance rig, not recorded here	named gap on the golden, never owed
a2a|grpc|client|client|SendStreamingMessage|upstream_down	SKIP	UNSUPPORTED: a2a is proven by its conformance rig, not recorded here	named gap on the golden, never owed
a2a|grpc|client|client|SubscribeToTask|malformed	SKIP	UNSUPPORTED: a2a is proven by its conformance rig, not recorded here	named gap on the golden, never owed
a2a|grpc|client|client|SubscribeToTask|ok	SKIP	UNSUPPORTED: a2a is proven by its conformance rig, not recorded here	named gap on the golden, never owed
a2a|grpc|client|client|SubscribeToTask|out_of_scope	SKIP	UNSUPPORTED: a2a is proven by its conformance rig, not recorded here	named gap on the golden, never owed
a2a|grpc|client|client|SubscribeToTask|over_budget	SKIP	UNSUPPORTED: a2a is proven by its conformance rig, not recorded here	named gap on the golden, never owed
a2a|grpc|client|client|SubscribeToTask|unauthenticated	SKIP	UNSUPPORTED: a2a is proven by its conformance rig, not recorded here	named gap on the golden, never owed
a2a|grpc|client|client|SubscribeToTask|upstream_down	SKIP	UNSUPPORTED: a2a is proven by its conformance rig, not recorded here	named gap on the golden, never owed
a2a|grpc|client|server|PushNotificationDelivery|malformed	SKIP	UNSUPPORTED: a2a is proven by its conformance rig, not recorded here	named gap on the golden, never owed
a2a|grpc|client|server|PushNotificationDelivery|ok	SKIP	UNSUPPORTED: a2a is proven by its conformance rig, not recorded here	named gap on the golden, never owed
a2a|grpc|client|server|PushNotificationDelivery|out_of_scope	SKIP	UNSUPPORTED: a2a is proven by its conformance rig, not recorded here	named gap on the golden, never owed
a2a|grpc|client|server|PushNotificationDelivery|over_budget	SKIP	UNSUPPORTED: a2a is proven by its conformance rig, not recorded here	named gap on the golden, never owed
a2a|grpc|client|server|PushNotificationDelivery|unauthenticated	SKIP	UNSUPPORTED: a2a is proven by its conformance rig, not recorded here	named gap on the golden, never owed
a2a|grpc|client|server|PushNotificationDelivery|upstream_down	SKIP	UNSUPPORTED: a2a is proven by its conformance rig, not recorded here	named gap on the golden, never owed
a2a|grpc|server|client|CancelTask|malformed	SKIP	UNSUPPORTED: a2a is proven by its conformance rig, not recorded here	named gap on the golden, never owed
a2a|grpc|server|client|CancelTask|ok	SKIP	UNSUPPORTED: a2a is proven by its conformance rig, not recorded here	named gap on the golden, never owed
a2a|grpc|server|client|CancelTask|out_of_scope	SKIP	UNSUPPORTED: a2a is proven by its conformance rig, not recorded here	named gap on the golden, never owed
a2a|grpc|server|client|CancelTask|over_budget	SKIP	UNSUPPORTED: a2a is proven by its conformance rig, not recorded here	named gap on the golden, never owed
a2a|grpc|server|client|CancelTask|unauthenticated	SKIP	UNSUPPORTED: a2a is proven by its conformance rig, not recorded here	named gap on the golden, never owed
a2a|grpc|server|client|CancelTask|upstream_down	SKIP	UNSUPPORTED: a2a is proven by its conformance rig, not recorded here	named gap on the golden, never owed
a2a|grpc|server|client|CreateTaskPushNotificationConfig|malformed	SKIP	UNSUPPORTED: a2a is proven by its conformance rig, not recorded here	named gap on the golden, never owed
a2a|grpc|server|client|CreateTaskPushNotificationConfig|ok	SKIP	UNSUPPORTED: a2a is proven by its conformance rig, not recorded here	named gap on the golden, never owed
a2a|grpc|server|client|CreateTaskPushNotificationConfig|out_of_scope	SKIP	UNSUPPORTED: a2a is proven by its conformance rig, not recorded here	named gap on the golden, never owed
a2a|grpc|server|client|CreateTaskPushNotificationConfig|over_budget	SKIP	UNSUPPORTED: a2a is proven by its conformance rig, not recorded here	named gap on the golden, never owed
a2a|grpc|server|client|CreateTaskPushNotificationConfig|unauthenticated	SKIP	UNSUPPORTED: a2a is proven by its conformance rig, not recorded here	named gap on the golden, never owed
a2a|grpc|server|client|CreateTaskPushNotificationConfig|upstream_down	SKIP	UNSUPPORTED: a2a is proven by its conformance rig, not recorded here	named gap on the golden, never owed
a2a|grpc|server|client|DeleteTaskPushNotificationConfig|malformed	SKIP	UNSUPPORTED: a2a is proven by its conformance rig, not recorded here	named gap on the golden, never owed
a2a|grpc|server|client|DeleteTaskPushNotificationConfig|ok	SKIP	UNSUPPORTED: a2a is proven by its conformance rig, not recorded here	named gap on the golden, never owed
a2a|grpc|server|client|DeleteTaskPushNotificationConfig|out_of_scope	SKIP	UNSUPPORTED: a2a is proven by its conformance rig, not recorded here	named gap on the golden, never owed
a2a|grpc|server|client|DeleteTaskPushNotificationConfig|over_budget	SKIP	UNSUPPORTED: a2a is proven by its conformance rig, not recorded here	named gap on the golden, never owed
a2a|grpc|server|client|DeleteTaskPushNotificationConfig|unauthenticated	SKIP	UNSUPPORTED: a2a is proven by its conformance rig, not recorded here	named gap on the golden, never owed
a2a|grpc|server|client|DeleteTaskPushNotificationConfig|upstream_down	SKIP	UNSUPPORTED: a2a is proven by its conformance rig, not recorded here	named gap on the golden, never owed
a2a|grpc|server|client|GET /.well-known/agent-card.json|malformed	SKIP	UNSUPPORTED: a2a is proven by its conformance rig, not recorded here	named gap on the golden, never owed
a2a|grpc|server|client|GET /.well-known/agent-card.json|ok	SKIP	UNSUPPORTED: a2a is proven by its conformance rig, not recorded here	named gap on the golden, never owed
a2a|grpc|server|client|GET /.well-known/agent-card.json|out_of_scope	SKIP	UNSUPPORTED: a2a is proven by its conformance rig, not recorded here	named gap on the golden, never owed
a2a|grpc|server|client|GET /.well-known/agent-card.json|over_budget	SKIP	UNSUPPORTED: a2a is proven by its conformance rig, not recorded here	named gap on the golden, never owed
a2a|grpc|server|client|GET /.well-known/agent-card.json|unauthenticated	SKIP	UNSUPPORTED: a2a is proven by its conformance rig, not recorded here	named gap on the golden, never owed
a2a|grpc|server|client|GET /.well-known/agent-card.json|upstream_down	SKIP	UNSUPPORTED: a2a is proven by its conformance rig, not recorded here	named gap on the golden, never owed
a2a|grpc|server|client|GetExtendedAgentCard|malformed	SKIP	UNSUPPORTED: a2a is proven by its conformance rig, not recorded here	named gap on the golden, never owed
a2a|grpc|server|client|GetExtendedAgentCard|ok	SKIP	UNSUPPORTED: a2a is proven by its conformance rig, not recorded here	named gap on the golden, never owed
a2a|grpc|server|client|GetExtendedAgentCard|out_of_scope	SKIP	UNSUPPORTED: a2a is proven by its conformance rig, not recorded here	named gap on the golden, never owed
a2a|grpc|server|client|GetExtendedAgentCard|over_budget	SKIP	UNSUPPORTED: a2a is proven by its conformance rig, not recorded here	named gap on the golden, never owed
a2a|grpc|server|client|GetExtendedAgentCard|unauthenticated	SKIP	UNSUPPORTED: a2a is proven by its conformance rig, not recorded here	named gap on the golden, never owed
a2a|grpc|server|client|GetExtendedAgentCard|upstream_down	SKIP	UNSUPPORTED: a2a is proven by its conformance rig, not recorded here	named gap on the golden, never owed
a2a|grpc|server|client|GetTaskPushNotificationConfig|malformed	SKIP	UNSUPPORTED: a2a is proven by its conformance rig, not recorded here	named gap on the golden, never owed
a2a|grpc|server|client|GetTaskPushNotificationConfig|ok	SKIP	UNSUPPORTED: a2a is proven by its conformance rig, not recorded here	named gap on the golden, never owed
a2a|grpc|server|client|GetTaskPushNotificationConfig|out_of_scope	SKIP	UNSUPPORTED: a2a is proven by its conformance rig, not recorded here	named gap on the golden, never owed
a2a|grpc|server|client|GetTaskPushNotificationConfig|over_budget	SKIP	UNSUPPORTED: a2a is proven by its conformance rig, not recorded here	named gap on the golden, never owed
a2a|grpc|server|client|GetTaskPushNotificationConfig|unauthenticated	SKIP	UNSUPPORTED: a2a is proven by its conformance rig, not recorded here	named gap on the golden, never owed
a2a|grpc|server|client|GetTaskPushNotificationConfig|upstream_down	SKIP	UNSUPPORTED: a2a is proven by its conformance rig, not recorded here	named gap on the golden, never owed
a2a|grpc|server|client|GetTask|malformed	SKIP	UNSUPPORTED: a2a is proven by its conformance rig, not recorded here	named gap on the golden, never owed
a2a|grpc|server|client|GetTask|ok	SKIP	UNSUPPORTED: a2a is proven by its conformance rig, not recorded here	named gap on the golden, never owed
a2a|grpc|server|client|GetTask|out_of_scope	SKIP	UNSUPPORTED: a2a is proven by its conformance rig, not recorded here	named gap on the golden, never owed
a2a|grpc|server|client|GetTask|over_budget	SKIP	UNSUPPORTED: a2a is proven by its conformance rig, not recorded here	named gap on the golden, never owed
a2a|grpc|server|client|GetTask|unauthenticated	SKIP	UNSUPPORTED: a2a is proven by its conformance rig, not recorded here	named gap on the golden, never owed
a2a|grpc|server|client|GetTask|upstream_down	SKIP	UNSUPPORTED: a2a is proven by its conformance rig, not recorded here	named gap on the golden, never owed
a2a|grpc|server|client|ListTaskPushNotificationConfigs|malformed	SKIP	UNSUPPORTED: a2a is proven by its conformance rig, not recorded here	named gap on the golden, never owed
a2a|grpc|server|client|ListTaskPushNotificationConfigs|ok	SKIP	UNSUPPORTED: a2a is proven by its conformance rig, not recorded here	named gap on the golden, never owed
a2a|grpc|server|client|ListTaskPushNotificationConfigs|out_of_scope	SKIP	UNSUPPORTED: a2a is proven by its conformance rig, not recorded here	named gap on the golden, never owed
a2a|grpc|server|client|ListTaskPushNotificationConfigs|over_budget	SKIP	UNSUPPORTED: a2a is proven by its conformance rig, not recorded here	named gap on the golden, never owed
a2a|grpc|server|client|ListTaskPushNotificationConfigs|unauthenticated	SKIP	UNSUPPORTED: a2a is proven by its conformance rig, not recorded here	named gap on the golden, never owed
a2a|grpc|server|client|ListTaskPushNotificationConfigs|upstream_down	SKIP	UNSUPPORTED: a2a is proven by its conformance rig, not recorded here	named gap on the golden, never owed
a2a|grpc|server|client|ListTasks|malformed	SKIP	UNSUPPORTED: a2a is proven by its conformance rig, not recorded here	named gap on the golden, never owed
a2a|grpc|server|client|ListTasks|ok	SKIP	UNSUPPORTED: a2a is proven by its conformance rig, not recorded here	named gap on the golden, never owed
a2a|grpc|server|client|ListTasks|out_of_scope	SKIP	UNSUPPORTED: a2a is proven by its conformance rig, not recorded here	named gap on the golden, never owed
a2a|grpc|server|client|ListTasks|over_budget	SKIP	UNSUPPORTED: a2a is proven by its conformance rig, not recorded here	named gap on the golden, never owed
a2a|grpc|server|client|ListTasks|unauthenticated	SKIP	UNSUPPORTED: a2a is proven by its conformance rig, not recorded here	named gap on the golden, never owed
a2a|grpc|server|client|ListTasks|upstream_down	SKIP	UNSUPPORTED: a2a is proven by its conformance rig, not recorded here	named gap on the golden, never owed
a2a|grpc|server|client|SendMessage|malformed	SKIP	UNSUPPORTED: a2a is proven by its conformance rig, not recorded here	named gap on the golden, never owed
a2a|grpc|server|client|SendMessage|ok	SKIP	UNSUPPORTED: a2a is proven by its conformance rig, not recorded here	named gap on the golden, never owed
a2a|grpc|server|client|SendMessage|out_of_scope	SKIP	UNSUPPORTED: a2a is proven by its conformance rig, not recorded here	named gap on the golden, never owed
a2a|grpc|server|client|SendMessage|over_budget	SKIP	UNSUPPORTED: a2a is proven by its conformance rig, not recorded here	named gap on the golden, never owed
a2a|grpc|server|client|SendMessage|unauthenticated	SKIP	UNSUPPORTED: a2a is proven by its conformance rig, not recorded here	named gap on the golden, never owed
a2a|grpc|server|client|SendMessage|upstream_down	SKIP	UNSUPPORTED: a2a is proven by its conformance rig, not recorded here	named gap on the golden, never owed
a2a|grpc|server|client|SendStreamingMessage|malformed	SKIP	UNSUPPORTED: a2a is proven by its conformance rig, not recorded here	named gap on the golden, never owed
a2a|grpc|server|client|SendStreamingMessage|ok	SKIP	UNSUPPORTED: a2a is proven by its conformance rig, not recorded here	named gap on the golden, never owed
a2a|grpc|server|client|SendStreamingMessage|out_of_scope	SKIP	UNSUPPORTED: a2a is proven by its conformance rig, not recorded here	named gap on the golden, never owed
a2a|grpc|server|client|SendStreamingMessage|over_budget	SKIP	UNSUPPORTED: a2a is proven by its conformance rig, not recorded here	named gap on the golden, never owed
a2a|grpc|server|client|SendStreamingMessage|unauthenticated	SKIP	UNSUPPORTED: a2a is proven by its conformance rig, not recorded here	named gap on the golden, never owed
a2a|grpc|server|client|SendStreamingMessage|upstream_down	SKIP	UNSUPPORTED: a2a is proven by its conformance rig, not recorded here	named gap on the golden, never owed
a2a|grpc|server|client|SubscribeToTask|malformed	SKIP	UNSUPPORTED: a2a is proven by its conformance rig, not recorded here	named gap on the golden, never owed
a2a|grpc|server|client|SubscribeToTask|ok	SKIP	UNSUPPORTED: a2a is proven by its conformance rig, not recorded here	named gap on the golden, never owed
a2a|grpc|server|client|SubscribeToTask|out_of_scope	SKIP	UNSUPPORTED: a2a is proven by its conformance rig, not recorded here	named gap on the golden, never owed
a2a|grpc|server|client|SubscribeToTask|over_budget	SKIP	UNSUPPORTED: a2a is proven by its conformance rig, not recorded here	named gap on the golden, never owed
a2a|grpc|server|client|SubscribeToTask|unauthenticated	SKIP	UNSUPPORTED: a2a is proven by its conformance rig, not recorded here	named gap on the golden, never owed
a2a|grpc|server|client|SubscribeToTask|upstream_down	SKIP	UNSUPPORTED: a2a is proven by its conformance rig, not recorded here	named gap on the golden, never owed
a2a|grpc|server|server|PushNotificationDelivery|malformed	SKIP	UNSUPPORTED: a2a is proven by its conformance rig, not recorded here	named gap on the golden, never owed
a2a|grpc|server|server|PushNotificationDelivery|ok	SKIP	UNSUPPORTED: a2a is proven by its conformance rig, not recorded here	named gap on the golden, never owed
a2a|grpc|server|server|PushNotificationDelivery|out_of_scope	SKIP	UNSUPPORTED: a2a is proven by its conformance rig, not recorded here	named gap on the golden, never owed
a2a|grpc|server|server|PushNotificationDelivery|over_budget	SKIP	UNSUPPORTED: a2a is proven by its conformance rig, not recorded here	named gap on the golden, never owed
a2a|grpc|server|server|PushNotificationDelivery|unauthenticated	SKIP	UNSUPPORTED: a2a is proven by its conformance rig, not recorded here	named gap on the golden, never owed
a2a|grpc|server|server|PushNotificationDelivery|upstream_down	SKIP	UNSUPPORTED: a2a is proven by its conformance rig, not recorded here	named gap on the golden, never owed
a2a|http+json|client|client|CancelTask|malformed	SKIP	UNSUPPORTED: a2a is proven by its conformance rig, not recorded here	named gap on the golden, never owed
a2a|http+json|client|client|CancelTask|ok	SKIP	UNSUPPORTED: a2a is proven by its conformance rig, not recorded here	named gap on the golden, never owed
a2a|http+json|client|client|CancelTask|out_of_scope	SKIP	UNSUPPORTED: a2a is proven by its conformance rig, not recorded here	named gap on the golden, never owed
a2a|http+json|client|client|CancelTask|over_budget	SKIP	UNSUPPORTED: a2a is proven by its conformance rig, not recorded here	named gap on the golden, never owed
a2a|http+json|client|client|CancelTask|unauthenticated	SKIP	UNSUPPORTED: a2a is proven by its conformance rig, not recorded here	named gap on the golden, never owed
a2a|http+json|client|client|CancelTask|upstream_down	SKIP	UNSUPPORTED: a2a is proven by its conformance rig, not recorded here	named gap on the golden, never owed
a2a|http+json|client|client|CreateTaskPushNotificationConfig|malformed	SKIP	UNSUPPORTED: a2a is proven by its conformance rig, not recorded here	named gap on the golden, never owed
a2a|http+json|client|client|CreateTaskPushNotificationConfig|ok	SKIP	UNSUPPORTED: a2a is proven by its conformance rig, not recorded here	named gap on the golden, never owed
a2a|http+json|client|client|CreateTaskPushNotificationConfig|out_of_scope	SKIP	UNSUPPORTED: a2a is proven by its conformance rig, not recorded here	named gap on the golden, never owed
a2a|http+json|client|client|CreateTaskPushNotificationConfig|over_budget	SKIP	UNSUPPORTED: a2a is proven by its conformance rig, not recorded here	named gap on the golden, never owed
a2a|http+json|client|client|CreateTaskPushNotificationConfig|unauthenticated	SKIP	UNSUPPORTED: a2a is proven by its conformance rig, not recorded here	named gap on the golden, never owed
a2a|http+json|client|client|CreateTaskPushNotificationConfig|upstream_down	SKIP	UNSUPPORTED: a2a is proven by its conformance rig, not recorded here	named gap on the golden, never owed
a2a|http+json|client|client|DeleteTaskPushNotificationConfig|malformed	SKIP	UNSUPPORTED: a2a is proven by its conformance rig, not recorded here	named gap on the golden, never owed
a2a|http+json|client|client|DeleteTaskPushNotificationConfig|ok	SKIP	UNSUPPORTED: a2a is proven by its conformance rig, not recorded here	named gap on the golden, never owed
a2a|http+json|client|client|DeleteTaskPushNotificationConfig|out_of_scope	SKIP	UNSUPPORTED: a2a is proven by its conformance rig, not recorded here	named gap on the golden, never owed
a2a|http+json|client|client|DeleteTaskPushNotificationConfig|over_budget	SKIP	UNSUPPORTED: a2a is proven by its conformance rig, not recorded here	named gap on the golden, never owed
a2a|http+json|client|client|DeleteTaskPushNotificationConfig|unauthenticated	SKIP	UNSUPPORTED: a2a is proven by its conformance rig, not recorded here	named gap on the golden, never owed
a2a|http+json|client|client|DeleteTaskPushNotificationConfig|upstream_down	SKIP	UNSUPPORTED: a2a is proven by its conformance rig, not recorded here	named gap on the golden, never owed
a2a|http+json|client|client|GET /.well-known/agent-card.json|malformed	SKIP	UNSUPPORTED: a2a is proven by its conformance rig, not recorded here	named gap on the golden, never owed
a2a|http+json|client|client|GET /.well-known/agent-card.json|ok	SKIP	UNSUPPORTED: a2a is proven by its conformance rig, not recorded here	named gap on the golden, never owed
a2a|http+json|client|client|GET /.well-known/agent-card.json|out_of_scope	SKIP	UNSUPPORTED: a2a is proven by its conformance rig, not recorded here	named gap on the golden, never owed
a2a|http+json|client|client|GET /.well-known/agent-card.json|over_budget	SKIP	UNSUPPORTED: a2a is proven by its conformance rig, not recorded here	named gap on the golden, never owed
a2a|http+json|client|client|GET /.well-known/agent-card.json|unauthenticated	SKIP	UNSUPPORTED: a2a is proven by its conformance rig, not recorded here	named gap on the golden, never owed
a2a|http+json|client|client|GET /.well-known/agent-card.json|upstream_down	SKIP	UNSUPPORTED: a2a is proven by its conformance rig, not recorded here	named gap on the golden, never owed
a2a|http+json|client|client|GetExtendedAgentCard|malformed	SKIP	UNSUPPORTED: a2a is proven by its conformance rig, not recorded here	named gap on the golden, never owed
a2a|http+json|client|client|GetExtendedAgentCard|ok	SKIP	UNSUPPORTED: a2a is proven by its conformance rig, not recorded here	named gap on the golden, never owed
a2a|http+json|client|client|GetExtendedAgentCard|out_of_scope	SKIP	UNSUPPORTED: a2a is proven by its conformance rig, not recorded here	named gap on the golden, never owed
a2a|http+json|client|client|GetExtendedAgentCard|over_budget	SKIP	UNSUPPORTED: a2a is proven by its conformance rig, not recorded here	named gap on the golden, never owed
a2a|http+json|client|client|GetExtendedAgentCard|unauthenticated	SKIP	UNSUPPORTED: a2a is proven by its conformance rig, not recorded here	named gap on the golden, never owed
a2a|http+json|client|client|GetExtendedAgentCard|upstream_down	SKIP	UNSUPPORTED: a2a is proven by its conformance rig, not recorded here	named gap on the golden, never owed
a2a|http+json|client|client|GetTaskPushNotificationConfig|malformed	SKIP	UNSUPPORTED: a2a is proven by its conformance rig, not recorded here	named gap on the golden, never owed
a2a|http+json|client|client|GetTaskPushNotificationConfig|ok	SKIP	UNSUPPORTED: a2a is proven by its conformance rig, not recorded here	named gap on the golden, never owed
a2a|http+json|client|client|GetTaskPushNotificationConfig|out_of_scope	SKIP	UNSUPPORTED: a2a is proven by its conformance rig, not recorded here	named gap on the golden, never owed
a2a|http+json|client|client|GetTaskPushNotificationConfig|over_budget	SKIP	UNSUPPORTED: a2a is proven by its conformance rig, not recorded here	named gap on the golden, never owed
a2a|http+json|client|client|GetTaskPushNotificationConfig|unauthenticated	SKIP	UNSUPPORTED: a2a is proven by its conformance rig, not recorded here	named gap on the golden, never owed
a2a|http+json|client|client|GetTaskPushNotificationConfig|upstream_down	SKIP	UNSUPPORTED: a2a is proven by its conformance rig, not recorded here	named gap on the golden, never owed
a2a|http+json|client|client|GetTask|malformed	SKIP	UNSUPPORTED: a2a is proven by its conformance rig, not recorded here	named gap on the golden, never owed
a2a|http+json|client|client|GetTask|ok	SKIP	UNSUPPORTED: a2a is proven by its conformance rig, not recorded here	named gap on the golden, never owed
a2a|http+json|client|client|GetTask|out_of_scope	SKIP	UNSUPPORTED: a2a is proven by its conformance rig, not recorded here	named gap on the golden, never owed
a2a|http+json|client|client|GetTask|over_budget	SKIP	UNSUPPORTED: a2a is proven by its conformance rig, not recorded here	named gap on the golden, never owed
a2a|http+json|client|client|GetTask|unauthenticated	SKIP	UNSUPPORTED: a2a is proven by its conformance rig, not recorded here	named gap on the golden, never owed
a2a|http+json|client|client|GetTask|upstream_down	SKIP	UNSUPPORTED: a2a is proven by its conformance rig, not recorded here	named gap on the golden, never owed
a2a|http+json|client|client|ListTaskPushNotificationConfigs|malformed	SKIP	UNSUPPORTED: a2a is proven by its conformance rig, not recorded here	named gap on the golden, never owed
a2a|http+json|client|client|ListTaskPushNotificationConfigs|ok	SKIP	UNSUPPORTED: a2a is proven by its conformance rig, not recorded here	named gap on the golden, never owed
a2a|http+json|client|client|ListTaskPushNotificationConfigs|out_of_scope	SKIP	UNSUPPORTED: a2a is proven by its conformance rig, not recorded here	named gap on the golden, never owed
a2a|http+json|client|client|ListTaskPushNotificationConfigs|over_budget	SKIP	UNSUPPORTED: a2a is proven by its conformance rig, not recorded here	named gap on the golden, never owed
a2a|http+json|client|client|ListTaskPushNotificationConfigs|unauthenticated	SKIP	UNSUPPORTED: a2a is proven by its conformance rig, not recorded here	named gap on the golden, never owed
a2a|http+json|client|client|ListTaskPushNotificationConfigs|upstream_down	SKIP	UNSUPPORTED: a2a is proven by its conformance rig, not recorded here	named gap on the golden, never owed
a2a|http+json|client|client|ListTasks|malformed	SKIP	UNSUPPORTED: a2a is proven by its conformance rig, not recorded here	named gap on the golden, never owed
a2a|http+json|client|client|ListTasks|ok	SKIP	UNSUPPORTED: a2a is proven by its conformance rig, not recorded here	named gap on the golden, never owed
a2a|http+json|client|client|ListTasks|out_of_scope	SKIP	UNSUPPORTED: a2a is proven by its conformance rig, not recorded here	named gap on the golden, never owed
a2a|http+json|client|client|ListTasks|over_budget	SKIP	UNSUPPORTED: a2a is proven by its conformance rig, not recorded here	named gap on the golden, never owed
a2a|http+json|client|client|ListTasks|unauthenticated	SKIP	UNSUPPORTED: a2a is proven by its conformance rig, not recorded here	named gap on the golden, never owed
a2a|http+json|client|client|ListTasks|upstream_down	SKIP	UNSUPPORTED: a2a is proven by its conformance rig, not recorded here	named gap on the golden, never owed
a2a|http+json|client|client|SendMessage|malformed	SKIP	UNSUPPORTED: a2a is proven by its conformance rig, not recorded here	named gap on the golden, never owed
a2a|http+json|client|client|SendMessage|ok	SKIP	UNSUPPORTED: a2a is proven by its conformance rig, not recorded here	named gap on the golden, never owed
a2a|http+json|client|client|SendMessage|out_of_scope	SKIP	UNSUPPORTED: a2a is proven by its conformance rig, not recorded here	named gap on the golden, never owed
a2a|http+json|client|client|SendMessage|over_budget	SKIP	UNSUPPORTED: a2a is proven by its conformance rig, not recorded here	named gap on the golden, never owed
a2a|http+json|client|client|SendMessage|unauthenticated	SKIP	UNSUPPORTED: a2a is proven by its conformance rig, not recorded here	named gap on the golden, never owed
a2a|http+json|client|client|SendMessage|upstream_down	SKIP	UNSUPPORTED: a2a is proven by its conformance rig, not recorded here	named gap on the golden, never owed
a2a|http+json|client|client|SendStreamingMessage|malformed	SKIP	UNSUPPORTED: a2a is proven by its conformance rig, not recorded here	named gap on the golden, never owed
a2a|http+json|client|client|SendStreamingMessage|ok	SKIP	UNSUPPORTED: a2a is proven by its conformance rig, not recorded here	named gap on the golden, never owed
a2a|http+json|client|client|SendStreamingMessage|out_of_scope	SKIP	UNSUPPORTED: a2a is proven by its conformance rig, not recorded here	named gap on the golden, never owed
a2a|http+json|client|client|SendStreamingMessage|over_budget	SKIP	UNSUPPORTED: a2a is proven by its conformance rig, not recorded here	named gap on the golden, never owed
a2a|http+json|client|client|SendStreamingMessage|unauthenticated	SKIP	UNSUPPORTED: a2a is proven by its conformance rig, not recorded here	named gap on the golden, never owed
a2a|http+json|client|client|SendStreamingMessage|upstream_down	SKIP	UNSUPPORTED: a2a is proven by its conformance rig, not recorded here	named gap on the golden, never owed
a2a|http+json|client|client|SubscribeToTask|malformed	SKIP	UNSUPPORTED: a2a is proven by its conformance rig, not recorded here	named gap on the golden, never owed
a2a|http+json|client|client|SubscribeToTask|ok	SKIP	UNSUPPORTED: a2a is proven by its conformance rig, not recorded here	named gap on the golden, never owed
a2a|http+json|client|client|SubscribeToTask|out_of_scope	SKIP	UNSUPPORTED: a2a is proven by its conformance rig, not recorded here	named gap on the golden, never owed
a2a|http+json|client|client|SubscribeToTask|over_budget	SKIP	UNSUPPORTED: a2a is proven by its conformance rig, not recorded here	named gap on the golden, never owed
a2a|http+json|client|client|SubscribeToTask|unauthenticated	SKIP	UNSUPPORTED: a2a is proven by its conformance rig, not recorded here	named gap on the golden, never owed
a2a|http+json|client|client|SubscribeToTask|upstream_down	SKIP	UNSUPPORTED: a2a is proven by its conformance rig, not recorded here	named gap on the golden, never owed
a2a|http+json|client|server|PushNotificationDelivery|malformed	SKIP	UNSUPPORTED: a2a is proven by its conformance rig, not recorded here	named gap on the golden, never owed
a2a|http+json|client|server|PushNotificationDelivery|ok	SKIP	UNSUPPORTED: a2a is proven by its conformance rig, not recorded here	named gap on the golden, never owed
a2a|http+json|client|server|PushNotificationDelivery|out_of_scope	SKIP	UNSUPPORTED: a2a is proven by its conformance rig, not recorded here	named gap on the golden, never owed
a2a|http+json|client|server|PushNotificationDelivery|over_budget	SKIP	UNSUPPORTED: a2a is proven by its conformance rig, not recorded here	named gap on the golden, never owed
a2a|http+json|client|server|PushNotificationDelivery|unauthenticated	SKIP	UNSUPPORTED: a2a is proven by its conformance rig, not recorded here	named gap on the golden, never owed
a2a|http+json|client|server|PushNotificationDelivery|upstream_down	SKIP	UNSUPPORTED: a2a is proven by its conformance rig, not recorded here	named gap on the golden, never owed
a2a|http+json|server|client|CancelTask|malformed	SKIP	UNSUPPORTED: a2a is proven by its conformance rig, not recorded here	named gap on the golden, never owed
a2a|http+json|server|client|CancelTask|ok	SKIP	UNSUPPORTED: a2a is proven by its conformance rig, not recorded here	named gap on the golden, never owed
a2a|http+json|server|client|CancelTask|out_of_scope	SKIP	UNSUPPORTED: a2a is proven by its conformance rig, not recorded here	named gap on the golden, never owed
a2a|http+json|server|client|CancelTask|over_budget	SKIP	UNSUPPORTED: a2a is proven by its conformance rig, not recorded here	named gap on the golden, never owed
a2a|http+json|server|client|CancelTask|unauthenticated	SKIP	UNSUPPORTED: a2a is proven by its conformance rig, not recorded here	named gap on the golden, never owed
a2a|http+json|server|client|CancelTask|upstream_down	SKIP	UNSUPPORTED: a2a is proven by its conformance rig, not recorded here	named gap on the golden, never owed
a2a|http+json|server|client|CreateTaskPushNotificationConfig|malformed	SKIP	UNSUPPORTED: a2a is proven by its conformance rig, not recorded here	named gap on the golden, never owed
a2a|http+json|server|client|CreateTaskPushNotificationConfig|ok	SKIP	UNSUPPORTED: a2a is proven by its conformance rig, not recorded here	named gap on the golden, never owed
a2a|http+json|server|client|CreateTaskPushNotificationConfig|out_of_scope	SKIP	UNSUPPORTED: a2a is proven by its conformance rig, not recorded here	named gap on the golden, never owed
a2a|http+json|server|client|CreateTaskPushNotificationConfig|over_budget	SKIP	UNSUPPORTED: a2a is proven by its conformance rig, not recorded here	named gap on the golden, never owed
a2a|http+json|server|client|CreateTaskPushNotificationConfig|unauthenticated	SKIP	UNSUPPORTED: a2a is proven by its conformance rig, not recorded here	named gap on the golden, never owed
a2a|http+json|server|client|CreateTaskPushNotificationConfig|upstream_down	SKIP	UNSUPPORTED: a2a is proven by its conformance rig, not recorded here	named gap on the golden, never owed
a2a|http+json|server|client|DeleteTaskPushNotificationConfig|malformed	SKIP	UNSUPPORTED: a2a is proven by its conformance rig, not recorded here	named gap on the golden, never owed
a2a|http+json|server|client|DeleteTaskPushNotificationConfig|ok	SKIP	UNSUPPORTED: a2a is proven by its conformance rig, not recorded here	named gap on the golden, never owed
a2a|http+json|server|client|DeleteTaskPushNotificationConfig|out_of_scope	SKIP	UNSUPPORTED: a2a is proven by its conformance rig, not recorded here	named gap on the golden, never owed
a2a|http+json|server|client|DeleteTaskPushNotificationConfig|over_budget	SKIP	UNSUPPORTED: a2a is proven by its conformance rig, not recorded here	named gap on the golden, never owed
a2a|http+json|server|client|DeleteTaskPushNotificationConfig|unauthenticated	SKIP	UNSUPPORTED: a2a is proven by its conformance rig, not recorded here	named gap on the golden, never owed
a2a|http+json|server|client|DeleteTaskPushNotificationConfig|upstream_down	SKIP	UNSUPPORTED: a2a is proven by its conformance rig, not recorded here	named gap on the golden, never owed
a2a|http+json|server|client|GET /.well-known/agent-card.json|malformed	SKIP	UNSUPPORTED: a2a is proven by its conformance rig, not recorded here	named gap on the golden, never owed
a2a|http+json|server|client|GET /.well-known/agent-card.json|ok	SKIP	UNSUPPORTED: a2a is proven by its conformance rig, not recorded here	named gap on the golden, never owed
a2a|http+json|server|client|GET /.well-known/agent-card.json|out_of_scope	SKIP	UNSUPPORTED: a2a is proven by its conformance rig, not recorded here	named gap on the golden, never owed
a2a|http+json|server|client|GET /.well-known/agent-card.json|over_budget	SKIP	UNSUPPORTED: a2a is proven by its conformance rig, not recorded here	named gap on the golden, never owed
a2a|http+json|server|client|GET /.well-known/agent-card.json|unauthenticated	SKIP	UNSUPPORTED: a2a is proven by its conformance rig, not recorded here	named gap on the golden, never owed
a2a|http+json|server|client|GET /.well-known/agent-card.json|upstream_down	SKIP	UNSUPPORTED: a2a is proven by its conformance rig, not recorded here	named gap on the golden, never owed
a2a|http+json|server|client|GetExtendedAgentCard|malformed	SKIP	UNSUPPORTED: a2a is proven by its conformance rig, not recorded here	named gap on the golden, never owed
a2a|http+json|server|client|GetExtendedAgentCard|ok	SKIP	UNSUPPORTED: a2a is proven by its conformance rig, not recorded here	named gap on the golden, never owed
a2a|http+json|server|client|GetExtendedAgentCard|out_of_scope	SKIP	UNSUPPORTED: a2a is proven by its conformance rig, not recorded here	named gap on the golden, never owed
a2a|http+json|server|client|GetExtendedAgentCard|over_budget	SKIP	UNSUPPORTED: a2a is proven by its conformance rig, not recorded here	named gap on the golden, never owed
a2a|http+json|server|client|GetExtendedAgentCard|unauthenticated	SKIP	UNSUPPORTED: a2a is proven by its conformance rig, not recorded here	named gap on the golden, never owed
a2a|http+json|server|client|GetExtendedAgentCard|upstream_down	SKIP	UNSUPPORTED: a2a is proven by its conformance rig, not recorded here	named gap on the golden, never owed
a2a|http+json|server|client|GetTaskPushNotificationConfig|malformed	SKIP	UNSUPPORTED: a2a is proven by its conformance rig, not recorded here	named gap on the golden, never owed
a2a|http+json|server|client|GetTaskPushNotificationConfig|ok	SKIP	UNSUPPORTED: a2a is proven by its conformance rig, not recorded here	named gap on the golden, never owed
a2a|http+json|server|client|GetTaskPushNotificationConfig|out_of_scope	SKIP	UNSUPPORTED: a2a is proven by its conformance rig, not recorded here	named gap on the golden, never owed
a2a|http+json|server|client|GetTaskPushNotificationConfig|over_budget	SKIP	UNSUPPORTED: a2a is proven by its conformance rig, not recorded here	named gap on the golden, never owed
a2a|http+json|server|client|GetTaskPushNotificationConfig|unauthenticated	SKIP	UNSUPPORTED: a2a is proven by its conformance rig, not recorded here	named gap on the golden, never owed
a2a|http+json|server|client|GetTaskPushNotificationConfig|upstream_down	SKIP	UNSUPPORTED: a2a is proven by its conformance rig, not recorded here	named gap on the golden, never owed
a2a|http+json|server|client|GetTask|malformed	SKIP	UNSUPPORTED: a2a is proven by its conformance rig, not recorded here	named gap on the golden, never owed
a2a|http+json|server|client|GetTask|ok	SKIP	UNSUPPORTED: a2a is proven by its conformance rig, not recorded here	named gap on the golden, never owed
a2a|http+json|server|client|GetTask|out_of_scope	SKIP	UNSUPPORTED: a2a is proven by its conformance rig, not recorded here	named gap on the golden, never owed
a2a|http+json|server|client|GetTask|over_budget	SKIP	UNSUPPORTED: a2a is proven by its conformance rig, not recorded here	named gap on the golden, never owed
a2a|http+json|server|client|GetTask|unauthenticated	SKIP	UNSUPPORTED: a2a is proven by its conformance rig, not recorded here	named gap on the golden, never owed
a2a|http+json|server|client|GetTask|upstream_down	SKIP	UNSUPPORTED: a2a is proven by its conformance rig, not recorded here	named gap on the golden, never owed
a2a|http+json|server|client|ListTaskPushNotificationConfigs|malformed	SKIP	UNSUPPORTED: a2a is proven by its conformance rig, not recorded here	named gap on the golden, never owed
a2a|http+json|server|client|ListTaskPushNotificationConfigs|ok	SKIP	UNSUPPORTED: a2a is proven by its conformance rig, not recorded here	named gap on the golden, never owed
a2a|http+json|server|client|ListTaskPushNotificationConfigs|out_of_scope	SKIP	UNSUPPORTED: a2a is proven by its conformance rig, not recorded here	named gap on the golden, never owed
a2a|http+json|server|client|ListTaskPushNotificationConfigs|over_budget	SKIP	UNSUPPORTED: a2a is proven by its conformance rig, not recorded here	named gap on the golden, never owed
a2a|http+json|server|client|ListTaskPushNotificationConfigs|unauthenticated	SKIP	UNSUPPORTED: a2a is proven by its conformance rig, not recorded here	named gap on the golden, never owed
a2a|http+json|server|client|ListTaskPushNotificationConfigs|upstream_down	SKIP	UNSUPPORTED: a2a is proven by its conformance rig, not recorded here	named gap on the golden, never owed
a2a|http+json|server|client|ListTasks|malformed	SKIP	UNSUPPORTED: a2a is proven by its conformance rig, not recorded here	named gap on the golden, never owed
a2a|http+json|server|client|ListTasks|ok	SKIP	UNSUPPORTED: a2a is proven by its conformance rig, not recorded here	named gap on the golden, never owed
a2a|http+json|server|client|ListTasks|out_of_scope	SKIP	UNSUPPORTED: a2a is proven by its conformance rig, not recorded here	named gap on the golden, never owed
a2a|http+json|server|client|ListTasks|over_budget	SKIP	UNSUPPORTED: a2a is proven by its conformance rig, not recorded here	named gap on the golden, never owed
a2a|http+json|server|client|ListTasks|unauthenticated	SKIP	UNSUPPORTED: a2a is proven by its conformance rig, not recorded here	named gap on the golden, never owed
a2a|http+json|server|client|ListTasks|upstream_down	SKIP	UNSUPPORTED: a2a is proven by its conformance rig, not recorded here	named gap on the golden, never owed
a2a|http+json|server|client|SendMessage|malformed	SKIP	UNSUPPORTED: a2a is proven by its conformance rig, not recorded here	named gap on the golden, never owed
a2a|http+json|server|client|SendMessage|ok	SKIP	UNSUPPORTED: a2a is proven by its conformance rig, not recorded here	named gap on the golden, never owed
a2a|http+json|server|client|SendMessage|out_of_scope	SKIP	UNSUPPORTED: a2a is proven by its conformance rig, not recorded here	named gap on the golden, never owed
a2a|http+json|server|client|SendMessage|over_budget	SKIP	UNSUPPORTED: a2a is proven by its conformance rig, not recorded here	named gap on the golden, never owed
a2a|http+json|server|client|SendMessage|unauthenticated	SKIP	UNSUPPORTED: a2a is proven by its conformance rig, not recorded here	named gap on the golden, never owed
a2a|http+json|server|client|SendMessage|upstream_down	SKIP	UNSUPPORTED: a2a is proven by its conformance rig, not recorded here	named gap on the golden, never owed
a2a|http+json|server|client|SendStreamingMessage|malformed	SKIP	UNSUPPORTED: a2a is proven by its conformance rig, not recorded here	named gap on the golden, never owed
a2a|http+json|server|client|SendStreamingMessage|ok	SKIP	UNSUPPORTED: a2a is proven by its conformance rig, not recorded here	named gap on the golden, never owed
a2a|http+json|server|client|SendStreamingMessage|out_of_scope	SKIP	UNSUPPORTED: a2a is proven by its conformance rig, not recorded here	named gap on the golden, never owed
a2a|http+json|server|client|SendStreamingMessage|over_budget	SKIP	UNSUPPORTED: a2a is proven by its conformance rig, not recorded here	named gap on the golden, never owed
a2a|http+json|server|client|SendStreamingMessage|unauthenticated	SKIP	UNSUPPORTED: a2a is proven by its conformance rig, not recorded here	named gap on the golden, never owed
a2a|http+json|server|client|SendStreamingMessage|upstream_down	SKIP	UNSUPPORTED: a2a is proven by its conformance rig, not recorded here	named gap on the golden, never owed
a2a|http+json|server|client|SubscribeToTask|malformed	SKIP	UNSUPPORTED: a2a is proven by its conformance rig, not recorded here	named gap on the golden, never owed
a2a|http+json|server|client|SubscribeToTask|ok	SKIP	UNSUPPORTED: a2a is proven by its conformance rig, not recorded here	named gap on the golden, never owed
a2a|http+json|server|client|SubscribeToTask|out_of_scope	SKIP	UNSUPPORTED: a2a is proven by its conformance rig, not recorded here	named gap on the golden, never owed
a2a|http+json|server|client|SubscribeToTask|over_budget	SKIP	UNSUPPORTED: a2a is proven by its conformance rig, not recorded here	named gap on the golden, never owed
a2a|http+json|server|client|SubscribeToTask|unauthenticated	SKIP	UNSUPPORTED: a2a is proven by its conformance rig, not recorded here	named gap on the golden, never owed
a2a|http+json|server|client|SubscribeToTask|upstream_down	SKIP	UNSUPPORTED: a2a is proven by its conformance rig, not recorded here	named gap on the golden, never owed
a2a|http+json|server|server|PushNotificationDelivery|malformed	SKIP	UNSUPPORTED: a2a is proven by its conformance rig, not recorded here	named gap on the golden, never owed
a2a|http+json|server|server|PushNotificationDelivery|ok	SKIP	UNSUPPORTED: a2a is proven by its conformance rig, not recorded here	named gap on the golden, never owed
a2a|http+json|server|server|PushNotificationDelivery|out_of_scope	SKIP	UNSUPPORTED: a2a is proven by its conformance rig, not recorded here	named gap on the golden, never owed
a2a|http+json|server|server|PushNotificationDelivery|over_budget	SKIP	UNSUPPORTED: a2a is proven by its conformance rig, not recorded here	named gap on the golden, never owed
a2a|http+json|server|server|PushNotificationDelivery|unauthenticated	SKIP	UNSUPPORTED: a2a is proven by its conformance rig, not recorded here	named gap on the golden, never owed
a2a|http+json|server|server|PushNotificationDelivery|upstream_down	SKIP	UNSUPPORTED: a2a is proven by its conformance rig, not recorded here	named gap on the golden, never owed
a2a|jsonrpc|client|client|CancelTask|malformed	SKIP	UNSUPPORTED: a2a is proven by its conformance rig, not recorded here	named gap on the golden, never owed
a2a|jsonrpc|client|client|CancelTask|ok	SKIP	UNSUPPORTED: a2a is proven by its conformance rig, not recorded here	named gap on the golden, never owed
a2a|jsonrpc|client|client|CancelTask|out_of_scope	SKIP	UNSUPPORTED: a2a is proven by its conformance rig, not recorded here	named gap on the golden, never owed
a2a|jsonrpc|client|client|CancelTask|over_budget	SKIP	UNSUPPORTED: a2a is proven by its conformance rig, not recorded here	named gap on the golden, never owed
a2a|jsonrpc|client|client|CancelTask|unauthenticated	SKIP	UNSUPPORTED: a2a is proven by its conformance rig, not recorded here	named gap on the golden, never owed
a2a|jsonrpc|client|client|CancelTask|upstream_down	SKIP	UNSUPPORTED: a2a is proven by its conformance rig, not recorded here	named gap on the golden, never owed
a2a|jsonrpc|client|client|CreateTaskPushNotificationConfig|malformed	SKIP	UNSUPPORTED: a2a is proven by its conformance rig, not recorded here	named gap on the golden, never owed
a2a|jsonrpc|client|client|CreateTaskPushNotificationConfig|ok	SKIP	UNSUPPORTED: a2a is proven by its conformance rig, not recorded here	named gap on the golden, never owed
a2a|jsonrpc|client|client|CreateTaskPushNotificationConfig|out_of_scope	SKIP	UNSUPPORTED: a2a is proven by its conformance rig, not recorded here	named gap on the golden, never owed
a2a|jsonrpc|client|client|CreateTaskPushNotificationConfig|over_budget	SKIP	UNSUPPORTED: a2a is proven by its conformance rig, not recorded here	named gap on the golden, never owed
a2a|jsonrpc|client|client|CreateTaskPushNotificationConfig|unauthenticated	SKIP	UNSUPPORTED: a2a is proven by its conformance rig, not recorded here	named gap on the golden, never owed
a2a|jsonrpc|client|client|CreateTaskPushNotificationConfig|upstream_down	SKIP	UNSUPPORTED: a2a is proven by its conformance rig, not recorded here	named gap on the golden, never owed
a2a|jsonrpc|client|client|DeleteTaskPushNotificationConfig|malformed	SKIP	UNSUPPORTED: a2a is proven by its conformance rig, not recorded here	named gap on the golden, never owed
a2a|jsonrpc|client|client|DeleteTaskPushNotificationConfig|ok	SKIP	UNSUPPORTED: a2a is proven by its conformance rig, not recorded here	named gap on the golden, never owed
a2a|jsonrpc|client|client|DeleteTaskPushNotificationConfig|out_of_scope	SKIP	UNSUPPORTED: a2a is proven by its conformance rig, not recorded here	named gap on the golden, never owed
a2a|jsonrpc|client|client|DeleteTaskPushNotificationConfig|over_budget	SKIP	UNSUPPORTED: a2a is proven by its conformance rig, not recorded here	named gap on the golden, never owed
a2a|jsonrpc|client|client|DeleteTaskPushNotificationConfig|unauthenticated	SKIP	UNSUPPORTED: a2a is proven by its conformance rig, not recorded here	named gap on the golden, never owed
a2a|jsonrpc|client|client|DeleteTaskPushNotificationConfig|upstream_down	SKIP	UNSUPPORTED: a2a is proven by its conformance rig, not recorded here	named gap on the golden, never owed
a2a|jsonrpc|client|client|GET /.well-known/agent-card.json|malformed	SKIP	UNSUPPORTED: a2a is proven by its conformance rig, not recorded here	named gap on the golden, never owed
a2a|jsonrpc|client|client|GET /.well-known/agent-card.json|ok	SKIP	UNSUPPORTED: a2a is proven by its conformance rig, not recorded here	named gap on the golden, never owed
a2a|jsonrpc|client|client|GET /.well-known/agent-card.json|out_of_scope	SKIP	UNSUPPORTED: a2a is proven by its conformance rig, not recorded here	named gap on the golden, never owed
a2a|jsonrpc|client|client|GET /.well-known/agent-card.json|over_budget	SKIP	UNSUPPORTED: a2a is proven by its conformance rig, not recorded here	named gap on the golden, never owed
a2a|jsonrpc|client|client|GET /.well-known/agent-card.json|unauthenticated	SKIP	UNSUPPORTED: a2a is proven by its conformance rig, not recorded here	named gap on the golden, never owed
a2a|jsonrpc|client|client|GET /.well-known/agent-card.json|upstream_down	SKIP	UNSUPPORTED: a2a is proven by its conformance rig, not recorded here	named gap on the golden, never owed
a2a|jsonrpc|client|client|GetExtendedAgentCard|malformed	SKIP	UNSUPPORTED: a2a is proven by its conformance rig, not recorded here	named gap on the golden, never owed
a2a|jsonrpc|client|client|GetExtendedAgentCard|ok	SKIP	UNSUPPORTED: a2a is proven by its conformance rig, not recorded here	named gap on the golden, never owed
a2a|jsonrpc|client|client|GetExtendedAgentCard|out_of_scope	SKIP	UNSUPPORTED: a2a is proven by its conformance rig, not recorded here	named gap on the golden, never owed
a2a|jsonrpc|client|client|GetExtendedAgentCard|over_budget	SKIP	UNSUPPORTED: a2a is proven by its conformance rig, not recorded here	named gap on the golden, never owed
a2a|jsonrpc|client|client|GetExtendedAgentCard|unauthenticated	SKIP	UNSUPPORTED: a2a is proven by its conformance rig, not recorded here	named gap on the golden, never owed
a2a|jsonrpc|client|client|GetExtendedAgentCard|upstream_down	SKIP	UNSUPPORTED: a2a is proven by its conformance rig, not recorded here	named gap on the golden, never owed
a2a|jsonrpc|client|client|GetTaskPushNotificationConfig|malformed	SKIP	UNSUPPORTED: a2a is proven by its conformance rig, not recorded here	named gap on the golden, never owed
a2a|jsonrpc|client|client|GetTaskPushNotificationConfig|ok	SKIP	UNSUPPORTED: a2a is proven by its conformance rig, not recorded here	named gap on the golden, never owed
a2a|jsonrpc|client|client|GetTaskPushNotificationConfig|out_of_scope	SKIP	UNSUPPORTED: a2a is proven by its conformance rig, not recorded here	named gap on the golden, never owed
a2a|jsonrpc|client|client|GetTaskPushNotificationConfig|over_budget	SKIP	UNSUPPORTED: a2a is proven by its conformance rig, not recorded here	named gap on the golden, never owed
a2a|jsonrpc|client|client|GetTaskPushNotificationConfig|unauthenticated	SKIP	UNSUPPORTED: a2a is proven by its conformance rig, not recorded here	named gap on the golden, never owed
a2a|jsonrpc|client|client|GetTaskPushNotificationConfig|upstream_down	SKIP	UNSUPPORTED: a2a is proven by its conformance rig, not recorded here	named gap on the golden, never owed
a2a|jsonrpc|client|client|GetTask|malformed	SKIP	UNSUPPORTED: a2a is proven by its conformance rig, not recorded here	named gap on the golden, never owed
a2a|jsonrpc|client|client|GetTask|ok	SKIP	UNSUPPORTED: a2a is proven by its conformance rig, not recorded here	named gap on the golden, never owed
a2a|jsonrpc|client|client|GetTask|out_of_scope	SKIP	UNSUPPORTED: a2a is proven by its conformance rig, not recorded here	named gap on the golden, never owed
a2a|jsonrpc|client|client|GetTask|over_budget	SKIP	UNSUPPORTED: a2a is proven by its conformance rig, not recorded here	named gap on the golden, never owed
a2a|jsonrpc|client|client|GetTask|unauthenticated	SKIP	UNSUPPORTED: a2a is proven by its conformance rig, not recorded here	named gap on the golden, never owed
a2a|jsonrpc|client|client|GetTask|upstream_down	SKIP	UNSUPPORTED: a2a is proven by its conformance rig, not recorded here	named gap on the golden, never owed
a2a|jsonrpc|client|client|ListTaskPushNotificationConfigs|malformed	SKIP	UNSUPPORTED: a2a is proven by its conformance rig, not recorded here	named gap on the golden, never owed
a2a|jsonrpc|client|client|ListTaskPushNotificationConfigs|ok	SKIP	UNSUPPORTED: a2a is proven by its conformance rig, not recorded here	named gap on the golden, never owed
a2a|jsonrpc|client|client|ListTaskPushNotificationConfigs|out_of_scope	SKIP	UNSUPPORTED: a2a is proven by its conformance rig, not recorded here	named gap on the golden, never owed
a2a|jsonrpc|client|client|ListTaskPushNotificationConfigs|over_budget	SKIP	UNSUPPORTED: a2a is proven by its conformance rig, not recorded here	named gap on the golden, never owed
a2a|jsonrpc|client|client|ListTaskPushNotificationConfigs|unauthenticated	SKIP	UNSUPPORTED: a2a is proven by its conformance rig, not recorded here	named gap on the golden, never owed
a2a|jsonrpc|client|client|ListTaskPushNotificationConfigs|upstream_down	SKIP	UNSUPPORTED: a2a is proven by its conformance rig, not recorded here	named gap on the golden, never owed
a2a|jsonrpc|client|client|ListTasks|malformed	SKIP	UNSUPPORTED: a2a is proven by its conformance rig, not recorded here	named gap on the golden, never owed
a2a|jsonrpc|client|client|ListTasks|ok	SKIP	UNSUPPORTED: a2a is proven by its conformance rig, not recorded here	named gap on the golden, never owed
a2a|jsonrpc|client|client|ListTasks|out_of_scope	SKIP	UNSUPPORTED: a2a is proven by its conformance rig, not recorded here	named gap on the golden, never owed
a2a|jsonrpc|client|client|ListTasks|over_budget	SKIP	UNSUPPORTED: a2a is proven by its conformance rig, not recorded here	named gap on the golden, never owed
a2a|jsonrpc|client|client|ListTasks|unauthenticated	SKIP	UNSUPPORTED: a2a is proven by its conformance rig, not recorded here	named gap on the golden, never owed
a2a|jsonrpc|client|client|ListTasks|upstream_down	SKIP	UNSUPPORTED: a2a is proven by its conformance rig, not recorded here	named gap on the golden, never owed
a2a|jsonrpc|client|client|SendMessage|malformed	SKIP	UNSUPPORTED: a2a is proven by its conformance rig, not recorded here	named gap on the golden, never owed
a2a|jsonrpc|client|client|SendMessage|ok	SKIP	UNSUPPORTED: a2a is proven by its conformance rig, not recorded here	named gap on the golden, never owed
a2a|jsonrpc|client|client|SendMessage|out_of_scope	SKIP	UNSUPPORTED: a2a is proven by its conformance rig, not recorded here	named gap on the golden, never owed
a2a|jsonrpc|client|client|SendMessage|over_budget	SKIP	UNSUPPORTED: a2a is proven by its conformance rig, not recorded here	named gap on the golden, never owed
a2a|jsonrpc|client|client|SendMessage|unauthenticated	SKIP	UNSUPPORTED: a2a is proven by its conformance rig, not recorded here	named gap on the golden, never owed
a2a|jsonrpc|client|client|SendMessage|upstream_down	SKIP	UNSUPPORTED: a2a is proven by its conformance rig, not recorded here	named gap on the golden, never owed
a2a|jsonrpc|client|client|SendStreamingMessage|malformed	SKIP	UNSUPPORTED: a2a is proven by its conformance rig, not recorded here	named gap on the golden, never owed
a2a|jsonrpc|client|client|SendStreamingMessage|ok	SKIP	UNSUPPORTED: a2a is proven by its conformance rig, not recorded here	named gap on the golden, never owed
a2a|jsonrpc|client|client|SendStreamingMessage|out_of_scope	SKIP	UNSUPPORTED: a2a is proven by its conformance rig, not recorded here	named gap on the golden, never owed
a2a|jsonrpc|client|client|SendStreamingMessage|over_budget	SKIP	UNSUPPORTED: a2a is proven by its conformance rig, not recorded here	named gap on the golden, never owed
a2a|jsonrpc|client|client|SendStreamingMessage|unauthenticated	SKIP	UNSUPPORTED: a2a is proven by its conformance rig, not recorded here	named gap on the golden, never owed
a2a|jsonrpc|client|client|SendStreamingMessage|upstream_down	SKIP	UNSUPPORTED: a2a is proven by its conformance rig, not recorded here	named gap on the golden, never owed
a2a|jsonrpc|client|client|SubscribeToTask|malformed	SKIP	UNSUPPORTED: a2a is proven by its conformance rig, not recorded here	named gap on the golden, never owed
a2a|jsonrpc|client|client|SubscribeToTask|ok	SKIP	UNSUPPORTED: a2a is proven by its conformance rig, not recorded here	named gap on the golden, never owed
a2a|jsonrpc|client|client|SubscribeToTask|out_of_scope	SKIP	UNSUPPORTED: a2a is proven by its conformance rig, not recorded here	named gap on the golden, never owed
a2a|jsonrpc|client|client|SubscribeToTask|over_budget	SKIP	UNSUPPORTED: a2a is proven by its conformance rig, not recorded here	named gap on the golden, never owed
a2a|jsonrpc|client|client|SubscribeToTask|unauthenticated	SKIP	UNSUPPORTED: a2a is proven by its conformance rig, not recorded here	named gap on the golden, never owed
a2a|jsonrpc|client|client|SubscribeToTask|upstream_down	SKIP	UNSUPPORTED: a2a is proven by its conformance rig, not recorded here	named gap on the golden, never owed
a2a|jsonrpc|client|server|PushNotificationDelivery|malformed	SKIP	UNSUPPORTED: a2a is proven by its conformance rig, not recorded here	named gap on the golden, never owed
a2a|jsonrpc|client|server|PushNotificationDelivery|ok	SKIP	UNSUPPORTED: a2a is proven by its conformance rig, not recorded here	named gap on the golden, never owed
a2a|jsonrpc|client|server|PushNotificationDelivery|out_of_scope	SKIP	UNSUPPORTED: a2a is proven by its conformance rig, not recorded here	named gap on the golden, never owed
a2a|jsonrpc|client|server|PushNotificationDelivery|over_budget	SKIP	UNSUPPORTED: a2a is proven by its conformance rig, not recorded here	named gap on the golden, never owed
a2a|jsonrpc|client|server|PushNotificationDelivery|unauthenticated	SKIP	UNSUPPORTED: a2a is proven by its conformance rig, not recorded here	named gap on the golden, never owed
a2a|jsonrpc|client|server|PushNotificationDelivery|upstream_down	SKIP	UNSUPPORTED: a2a is proven by its conformance rig, not recorded here	named gap on the golden, never owed
a2a|jsonrpc|server|client|CancelTask|malformed	SKIP	UNSUPPORTED: a2a is proven by its conformance rig, not recorded here	named gap on the golden, never owed
a2a|jsonrpc|server|client|CancelTask|ok	SKIP	UNSUPPORTED: a2a is proven by its conformance rig, not recorded here	named gap on the golden, never owed
a2a|jsonrpc|server|client|CancelTask|out_of_scope	SKIP	UNSUPPORTED: a2a is proven by its conformance rig, not recorded here	named gap on the golden, never owed
a2a|jsonrpc|server|client|CancelTask|over_budget	SKIP	UNSUPPORTED: a2a is proven by its conformance rig, not recorded here	named gap on the golden, never owed
a2a|jsonrpc|server|client|CancelTask|unauthenticated	SKIP	UNSUPPORTED: a2a is proven by its conformance rig, not recorded here	named gap on the golden, never owed
a2a|jsonrpc|server|client|CancelTask|upstream_down	SKIP	UNSUPPORTED: a2a is proven by its conformance rig, not recorded here	named gap on the golden, never owed
a2a|jsonrpc|server|client|CreateTaskPushNotificationConfig|malformed	SKIP	UNSUPPORTED: a2a is proven by its conformance rig, not recorded here	named gap on the golden, never owed
a2a|jsonrpc|server|client|CreateTaskPushNotificationConfig|ok	SKIP	UNSUPPORTED: a2a is proven by its conformance rig, not recorded here	named gap on the golden, never owed
a2a|jsonrpc|server|client|CreateTaskPushNotificationConfig|out_of_scope	SKIP	UNSUPPORTED: a2a is proven by its conformance rig, not recorded here	named gap on the golden, never owed
a2a|jsonrpc|server|client|CreateTaskPushNotificationConfig|over_budget	SKIP	UNSUPPORTED: a2a is proven by its conformance rig, not recorded here	named gap on the golden, never owed
a2a|jsonrpc|server|client|CreateTaskPushNotificationConfig|unauthenticated	SKIP	UNSUPPORTED: a2a is proven by its conformance rig, not recorded here	named gap on the golden, never owed
a2a|jsonrpc|server|client|CreateTaskPushNotificationConfig|upstream_down	SKIP	UNSUPPORTED: a2a is proven by its conformance rig, not recorded here	named gap on the golden, never owed
a2a|jsonrpc|server|client|DeleteTaskPushNotificationConfig|malformed	SKIP	UNSUPPORTED: a2a is proven by its conformance rig, not recorded here	named gap on the golden, never owed
a2a|jsonrpc|server|client|DeleteTaskPushNotificationConfig|ok	SKIP	UNSUPPORTED: a2a is proven by its conformance rig, not recorded here	named gap on the golden, never owed
a2a|jsonrpc|server|client|DeleteTaskPushNotificationConfig|out_of_scope	SKIP	UNSUPPORTED: a2a is proven by its conformance rig, not recorded here	named gap on the golden, never owed
a2a|jsonrpc|server|client|DeleteTaskPushNotificationConfig|over_budget	SKIP	UNSUPPORTED: a2a is proven by its conformance rig, not recorded here	named gap on the golden, never owed
a2a|jsonrpc|server|client|DeleteTaskPushNotificationConfig|unauthenticated	SKIP	UNSUPPORTED: a2a is proven by its conformance rig, not recorded here	named gap on the golden, never owed
a2a|jsonrpc|server|client|DeleteTaskPushNotificationConfig|upstream_down	SKIP	UNSUPPORTED: a2a is proven by its conformance rig, not recorded here	named gap on the golden, never owed
a2a|jsonrpc|server|client|GET /.well-known/agent-card.json|malformed	SKIP	UNSUPPORTED: a2a is proven by its conformance rig, not recorded here	named gap on the golden, never owed
a2a|jsonrpc|server|client|GET /.well-known/agent-card.json|ok	SKIP	UNSUPPORTED: a2a is proven by its conformance rig, not recorded here	named gap on the golden, never owed
a2a|jsonrpc|server|client|GET /.well-known/agent-card.json|out_of_scope	SKIP	UNSUPPORTED: a2a is proven by its conformance rig, not recorded here	named gap on the golden, never owed
a2a|jsonrpc|server|client|GET /.well-known/agent-card.json|over_budget	SKIP	UNSUPPORTED: a2a is proven by its conformance rig, not recorded here	named gap on the golden, never owed
a2a|jsonrpc|server|client|GET /.well-known/agent-card.json|unauthenticated	SKIP	UNSUPPORTED: a2a is proven by its conformance rig, not recorded here	named gap on the golden, never owed
a2a|jsonrpc|server|client|GET /.well-known/agent-card.json|upstream_down	SKIP	UNSUPPORTED: a2a is proven by its conformance rig, not recorded here	named gap on the golden, never owed
a2a|jsonrpc|server|client|GetExtendedAgentCard|malformed	SKIP	UNSUPPORTED: a2a is proven by its conformance rig, not recorded here	named gap on the golden, never owed
a2a|jsonrpc|server|client|GetExtendedAgentCard|ok	SKIP	UNSUPPORTED: a2a is proven by its conformance rig, not recorded here	named gap on the golden, never owed
a2a|jsonrpc|server|client|GetExtendedAgentCard|out_of_scope	SKIP	UNSUPPORTED: a2a is proven by its conformance rig, not recorded here	named gap on the golden, never owed
a2a|jsonrpc|server|client|GetExtendedAgentCard|over_budget	SKIP	UNSUPPORTED: a2a is proven by its conformance rig, not recorded here	named gap on the golden, never owed
a2a|jsonrpc|server|client|GetExtendedAgentCard|unauthenticated	SKIP	UNSUPPORTED: a2a is proven by its conformance rig, not recorded here	named gap on the golden, never owed
a2a|jsonrpc|server|client|GetExtendedAgentCard|upstream_down	SKIP	UNSUPPORTED: a2a is proven by its conformance rig, not recorded here	named gap on the golden, never owed
a2a|jsonrpc|server|client|GetTaskPushNotificationConfig|malformed	SKIP	UNSUPPORTED: a2a is proven by its conformance rig, not recorded here	named gap on the golden, never owed
a2a|jsonrpc|server|client|GetTaskPushNotificationConfig|ok	SKIP	UNSUPPORTED: a2a is proven by its conformance rig, not recorded here	named gap on the golden, never owed
a2a|jsonrpc|server|client|GetTaskPushNotificationConfig|out_of_scope	SKIP	UNSUPPORTED: a2a is proven by its conformance rig, not recorded here	named gap on the golden, never owed
a2a|jsonrpc|server|client|GetTaskPushNotificationConfig|over_budget	SKIP	UNSUPPORTED: a2a is proven by its conformance rig, not recorded here	named gap on the golden, never owed
a2a|jsonrpc|server|client|GetTaskPushNotificationConfig|unauthenticated	SKIP	UNSUPPORTED: a2a is proven by its conformance rig, not recorded here	named gap on the golden, never owed
a2a|jsonrpc|server|client|GetTaskPushNotificationConfig|upstream_down	SKIP	UNSUPPORTED: a2a is proven by its conformance rig, not recorded here	named gap on the golden, never owed
a2a|jsonrpc|server|client|GetTask|malformed	SKIP	UNSUPPORTED: a2a is proven by its conformance rig, not recorded here	named gap on the golden, never owed
a2a|jsonrpc|server|client|GetTask|ok	SKIP	UNSUPPORTED: a2a is proven by its conformance rig, not recorded here	named gap on the golden, never owed
a2a|jsonrpc|server|client|GetTask|out_of_scope	SKIP	UNSUPPORTED: a2a is proven by its conformance rig, not recorded here	named gap on the golden, never owed
a2a|jsonrpc|server|client|GetTask|over_budget	SKIP	UNSUPPORTED: a2a is proven by its conformance rig, not recorded here	named gap on the golden, never owed
a2a|jsonrpc|server|client|GetTask|unauthenticated	SKIP	UNSUPPORTED: a2a is proven by its conformance rig, not recorded here	named gap on the golden, never owed
a2a|jsonrpc|server|client|GetTask|upstream_down	SKIP	UNSUPPORTED: a2a is proven by its conformance rig, not recorded here	named gap on the golden, never owed
a2a|jsonrpc|server|client|ListTaskPushNotificationConfigs|malformed	SKIP	UNSUPPORTED: a2a is proven by its conformance rig, not recorded here	named gap on the golden, never owed
a2a|jsonrpc|server|client|ListTaskPushNotificationConfigs|ok	SKIP	UNSUPPORTED: a2a is proven by its conformance rig, not recorded here	named gap on the golden, never owed
a2a|jsonrpc|server|client|ListTaskPushNotificationConfigs|out_of_scope	SKIP	UNSUPPORTED: a2a is proven by its conformance rig, not recorded here	named gap on the golden, never owed
a2a|jsonrpc|server|client|ListTaskPushNotificationConfigs|over_budget	SKIP	UNSUPPORTED: a2a is proven by its conformance rig, not recorded here	named gap on the golden, never owed
a2a|jsonrpc|server|client|ListTaskPushNotificationConfigs|unauthenticated	SKIP	UNSUPPORTED: a2a is proven by its conformance rig, not recorded here	named gap on the golden, never owed
a2a|jsonrpc|server|client|ListTaskPushNotificationConfigs|upstream_down	SKIP	UNSUPPORTED: a2a is proven by its conformance rig, not recorded here	named gap on the golden, never owed
a2a|jsonrpc|server|client|ListTasks|malformed	SKIP	UNSUPPORTED: a2a is proven by its conformance rig, not recorded here	named gap on the golden, never owed
a2a|jsonrpc|server|client|ListTasks|ok	SKIP	UNSUPPORTED: a2a is proven by its conformance rig, not recorded here	named gap on the golden, never owed
a2a|jsonrpc|server|client|ListTasks|out_of_scope	SKIP	UNSUPPORTED: a2a is proven by its conformance rig, not recorded here	named gap on the golden, never owed
a2a|jsonrpc|server|client|ListTasks|over_budget	SKIP	UNSUPPORTED: a2a is proven by its conformance rig, not recorded here	named gap on the golden, never owed
a2a|jsonrpc|server|client|ListTasks|unauthenticated	SKIP	UNSUPPORTED: a2a is proven by its conformance rig, not recorded here	named gap on the golden, never owed
a2a|jsonrpc|server|client|ListTasks|upstream_down	SKIP	UNSUPPORTED: a2a is proven by its conformance rig, not recorded here	named gap on the golden, never owed
a2a|jsonrpc|server|client|SendMessage|malformed	SKIP	UNSUPPORTED: a2a is proven by its conformance rig, not recorded here	named gap on the golden, never owed
a2a|jsonrpc|server|client|SendMessage|ok	SKIP	UNSUPPORTED: a2a is proven by its conformance rig, not recorded here	named gap on the golden, never owed
a2a|jsonrpc|server|client|SendMessage|out_of_scope	SKIP	UNSUPPORTED: a2a is proven by its conformance rig, not recorded here	named gap on the golden, never owed
a2a|jsonrpc|server|client|SendMessage|over_budget	SKIP	UNSUPPORTED: a2a is proven by its conformance rig, not recorded here	named gap on the golden, never owed
a2a|jsonrpc|server|client|SendMessage|unauthenticated	SKIP	UNSUPPORTED: a2a is proven by its conformance rig, not recorded here	named gap on the golden, never owed
a2a|jsonrpc|server|client|SendMessage|upstream_down	SKIP	UNSUPPORTED: a2a is proven by its conformance rig, not recorded here	named gap on the golden, never owed
a2a|jsonrpc|server|client|SendStreamingMessage|malformed	SKIP	UNSUPPORTED: a2a is proven by its conformance rig, not recorded here	named gap on the golden, never owed
a2a|jsonrpc|server|client|SendStreamingMessage|ok	SKIP	UNSUPPORTED: a2a is proven by its conformance rig, not recorded here	named gap on the golden, never owed
a2a|jsonrpc|server|client|SendStreamingMessage|out_of_scope	SKIP	UNSUPPORTED: a2a is proven by its conformance rig, not recorded here	named gap on the golden, never owed
a2a|jsonrpc|server|client|SendStreamingMessage|over_budget	SKIP	UNSUPPORTED: a2a is proven by its conformance rig, not recorded here	named gap on the golden, never owed
a2a|jsonrpc|server|client|SendStreamingMessage|unauthenticated	SKIP	UNSUPPORTED: a2a is proven by its conformance rig, not recorded here	named gap on the golden, never owed
a2a|jsonrpc|server|client|SendStreamingMessage|upstream_down	SKIP	UNSUPPORTED: a2a is proven by its conformance rig, not recorded here	named gap on the golden, never owed
a2a|jsonrpc|server|client|SubscribeToTask|malformed	SKIP	UNSUPPORTED: a2a is proven by its conformance rig, not recorded here	named gap on the golden, never owed
a2a|jsonrpc|server|client|SubscribeToTask|ok	SKIP	UNSUPPORTED: a2a is proven by its conformance rig, not recorded here	named gap on the golden, never owed
a2a|jsonrpc|server|client|SubscribeToTask|out_of_scope	SKIP	UNSUPPORTED: a2a is proven by its conformance rig, not recorded here	named gap on the golden, never owed
a2a|jsonrpc|server|client|SubscribeToTask|over_budget	SKIP	UNSUPPORTED: a2a is proven by its conformance rig, not recorded here	named gap on the golden, never owed
a2a|jsonrpc|server|client|SubscribeToTask|unauthenticated	SKIP	UNSUPPORTED: a2a is proven by its conformance rig, not recorded here	named gap on the golden, never owed
a2a|jsonrpc|server|client|SubscribeToTask|upstream_down	SKIP	UNSUPPORTED: a2a is proven by its conformance rig, not recorded here	named gap on the golden, never owed
a2a|jsonrpc|server|server|PushNotificationDelivery|malformed	SKIP	UNSUPPORTED: a2a is proven by its conformance rig, not recorded here	named gap on the golden, never owed
a2a|jsonrpc|server|server|PushNotificationDelivery|ok	SKIP	UNSUPPORTED: a2a is proven by its conformance rig, not recorded here	named gap on the golden, never owed
a2a|jsonrpc|server|server|PushNotificationDelivery|out_of_scope	SKIP	UNSUPPORTED: a2a is proven by its conformance rig, not recorded here	named gap on the golden, never owed
a2a|jsonrpc|server|server|PushNotificationDelivery|over_budget	SKIP	UNSUPPORTED: a2a is proven by its conformance rig, not recorded here	named gap on the golden, never owed
a2a|jsonrpc|server|server|PushNotificationDelivery|unauthenticated	SKIP	UNSUPPORTED: a2a is proven by its conformance rig, not recorded here	named gap on the golden, never owed
a2a|jsonrpc|server|server|PushNotificationDelivery|upstream_down	SKIP	UNSUPPORTED: a2a is proven by its conformance rig, not recorded here	named gap on the golden, never owed
admin.ops|DeleteExportName|if-match-malformed	PASS	HTTP 400; usage Δ {}	
admin.ops|DeleteExportName|if-match-stale	PASS	HTTP 409; usage Δ {}	
admin.ops|DeleteExportName|not-found	PASS	HTTP 404; usage Δ {}	
admin.ops|DeleteExportName|ok	PASS	HTTP 204; usage Δ {}	
admin.ops|DeleteExportName|unauth	PASS	HTTP 401; usage Δ {}	
admin.ops|DeleteGroupsName|if-match-malformed	PASS	HTTP 400; usage Δ {}	
admin.ops|DeleteGroupsName|if-match-stale	PASS	HTTP 409; usage Δ {}	
admin.ops|DeleteGroupsName|not-found	PASS	HTTP 404; usage Δ {}	
admin.ops|DeleteGroupsName|ok	PASS	HTTP 204; usage Δ {}	
admin.ops|DeleteGroupsName|unauth	PASS	HTTP 401; usage Δ {}	
admin.ops|DeleteHooksName|if-match-malformed	PASS	HTTP 400; usage Δ {}	
admin.ops|DeleteHooksName|if-match-stale	PASS	HTTP 409; usage Δ {}	
admin.ops|DeleteHooksName|not-found	PASS	HTTP 404; usage Δ {}	
admin.ops|DeleteHooksName|ok	PASS	HTTP 409; usage Δ {}	
admin.ops|DeleteHooksName|unauth	PASS	HTTP 401; usage Δ {}	
admin.ops|DeleteIdentityProvidersName|if-match-malformed	PASS	HTTP 400; usage Δ {}	
admin.ops|DeleteIdentityProvidersName|if-match-stale	PASS	HTTP 409; usage Δ {}	
admin.ops|DeleteIdentityProvidersName|not-found	PASS	HTTP 404; usage Δ {}	
admin.ops|DeleteIdentityProvidersName|ok	PASS	HTTP 204; usage Δ {}	
admin.ops|DeleteIdentityProvidersName|unauth	PASS	HTTP 401; usage Δ {}	
admin.ops|DeleteKeysId|if-match-malformed	PASS	HTTP 400; usage Δ {}	
admin.ops|DeleteKeysId|if-match-stale	PASS	HTTP 400; usage Δ {}	
admin.ops|DeleteKeysId|not-found	PASS	HTTP 404; usage Δ {}	
admin.ops|DeleteKeysId|ok	PASS	HTTP 204; usage Δ {}	
admin.ops|DeleteKeysId|unauth	PASS	HTTP 401; usage Δ {}	
admin.ops|DeleteOverlaySection|if-match-malformed	PASS	HTTP 400; usage Δ {}	
admin.ops|DeleteOverlaySection|if-match-stale	PASS	HTTP 409; usage Δ {}	
admin.ops|DeleteOverlaySection|not-found	PASS	HTTP 400; usage Δ {}	
admin.ops|DeleteOverlaySection|ok	PASS	HTTP 200; usage Δ {}	
admin.ops|DeleteOverlaySection|unauth	PASS	HTTP 401; usage Δ {}	
admin.ops|DeletePluginsFile|not-found	PASS	HTTP 404; usage Δ {}	
admin.ops|DeletePluginsFile|ok	PASS	HTTP 204; usage Δ {}	
admin.ops|DeletePluginsFile|unauth	PASS	HTTP 401; usage Δ {}	
admin.ops|GetAdminAuth|ok	PASS	HTTP 200; usage Δ {}	
admin.ops|GetAdminAuth|unauth	PASS	HTTP 401; usage Δ {}	
admin.ops|GetAudit|ok	PASS	HTTP 200; usage Δ {}	
admin.ops|GetAudit|unauth	PASS	HTTP 401; usage Δ {}	
admin.ops|GetAuth|ok	PASS	HTTP 200; usage Δ {}	
admin.ops|GetAuth|unauth	PASS	HTTP 401; usage Δ {}	
admin.ops|GetConfigDiff|ok	PASS	HTTP 200; usage Δ {}	
admin.ops|GetConfigDiff|unauth	PASS	HTTP 401; usage Δ {}	
admin.ops|GetConfigSettings|ok	PASS	HTTP 200; usage Δ {}	
admin.ops|GetConfigSettings|unauth	PASS	HTTP 401; usage Δ {}	
admin.ops|GetConfigVersionsV|not-found	PASS	HTTP 404; usage Δ {}	
admin.ops|GetConfigVersionsV|ok	PASS	HTTP 200; usage Δ {}	
admin.ops|GetConfigVersionsV|unauth	PASS	HTTP 401; usage Δ {}	
admin.ops|GetConfigVersions|ok	PASS	HTTP 200; usage Δ {}	
admin.ops|GetConfigVersions|unauth	PASS	HTTP 401; usage Δ {}	
admin.ops|GetConfig|ok	PASS	HTTP 200; usage Δ {}	
admin.ops|GetConfig|unauth	PASS	HTTP 401; usage Δ {}	
admin.ops|GetExportName|not-found	PASS	HTTP 404; usage Δ {}	
admin.ops|GetExportName|ok	PASS	HTTP 200; usage Δ {}	
admin.ops|GetExportName|unauth	PASS	HTTP 401; usage Δ {}	
admin.ops|GetExport|ok	PASS	HTTP 200; usage Δ {}	
admin.ops|GetExport|unauth	PASS	HTTP 401; usage Δ {}	
admin.ops|GetGroupsNameUsage|not-found	PASS	HTTP 404; usage Δ {}	
admin.ops|GetGroupsNameUsage|ok	PASS	HTTP 200; usage Δ {}	
admin.ops|GetGroupsNameUsage|unauth	PASS	HTTP 401; usage Δ {}	
admin.ops|GetGroupsName|not-found	PASS	HTTP 404; usage Δ {}	
admin.ops|GetGroupsName|ok	PASS	HTTP 200; usage Δ {}	
admin.ops|GetGroupsName|unauth	PASS	HTTP 401; usage Δ {}	
admin.ops|GetGroups|ok	PASS	HTTP 200; usage Δ {}	
admin.ops|GetGroups|unauth	PASS	HTTP 401; usage Δ {}	
admin.ops|GetHooksNameHealth|not-found	PASS	HTTP 404; usage Δ {}	
admin.ops|GetHooksNameHealth|ok	PASS	HTTP 200; usage Δ {}	
admin.ops|GetHooksNameHealth|unauth	PASS	HTTP 401; usage Δ {}	
admin.ops|GetHooksNameSchema|not-found	PASS	HTTP 404; usage Δ {}	
admin.ops|GetHooksNameSchema|ok	PASS	HTTP 200; usage Δ {}	
admin.ops|GetHooksNameSchema|unauth	PASS	HTTP 401; usage Δ {}	
admin.ops|GetHooksNameStatus|not-found	PASS	HTTP 404; usage Δ {}	
admin.ops|GetHooksNameStatus|ok	PASS	HTTP 200; usage Δ {}	
admin.ops|GetHooksNameStatus|unauth	PASS	HTTP 401; usage Δ {}	
admin.ops|GetHooksName|not-found	PASS	HTTP 404; usage Δ {}	
admin.ops|GetHooksName|ok	PASS	HTTP 200; usage Δ {}	
admin.ops|GetHooksName|unauth	PASS	HTTP 401; usage Δ {}	
admin.ops|GetHooks|ok	PASS	HTTP 200; usage Δ {}	
admin.ops|GetHooks|unauth	PASS	HTTP 401; usage Δ {}	
admin.ops|GetIdentityProvidersName|not-found	PASS	HTTP 404; usage Δ {}	
admin.ops|GetIdentityProvidersName|ok	PASS	HTTP 200; usage Δ {}	
admin.ops|GetIdentityProvidersName|unauth	PASS	HTTP 401; usage Δ {}	
admin.ops|GetIdentityProviders|ok	PASS	HTTP 200; usage Δ {}	
admin.ops|GetIdentityProviders|unauth	PASS	HTTP 401; usage Δ {}	
admin.ops|GetInfo|ok	PASS	HTTP 200; usage Δ {}	
admin.ops|GetInfo|unauth	PASS	HTTP 401; usage Δ {}	
admin.ops|GetKeysIdUsage|not-found	PASS	HTTP 404; usage Δ {}	
admin.ops|GetKeysIdUsage|ok	PASS	HTTP 200; usage Δ {}	
admin.ops|GetKeysIdUsage|unauth	PASS	HTTP 401; usage Δ {}	
admin.ops|GetKeysId|not-found	PASS	HTTP 404; usage Δ {}	
admin.ops|GetKeysId|ok	PASS	HTTP 200; usage Δ {}	
admin.ops|GetKeysId|unauth	PASS	HTTP 401; usage Δ {}	
admin.ops|GetKeys|ok	PASS	HTTP 200; usage Δ {}	
admin.ops|GetKeys|unauth	PASS	HTTP 401; usage Δ {}	
admin.ops|GetModels|ok	PASS	HTTP 200; usage Δ {}	
admin.ops|GetModels|unauth	PASS	HTTP 401; usage Δ {}	
admin.ops|GetOpenapiJson|ok	PASS	HTTP 200; usage Δ {}	
admin.ops|GetOpenapiJson|unauth	PASS	HTTP 401; usage Δ {}	
admin.ops|GetPluginsFileSchema|not-found	PASS	HTTP 404; usage Δ {}	
admin.ops|GetPluginsFileSchema|ok	PASS	HTTP 404; usage Δ {}	
admin.ops|GetPluginsFileSchema|unauth	PASS	HTTP 401; usage Δ {}	
admin.ops|GetPlugins|ok	PASS	HTTP 400; usage Δ {}	
admin.ops|GetPlugins|unauth	PASS	HTTP 401; usage Δ {}	
admin.ops|GetPoolsName|not-found	PASS	HTTP 404; usage Δ {}	
admin.ops|GetPoolsName|ok	PASS	HTTP 200; usage Δ {}	
admin.ops|GetPoolsName|unauth	PASS	HTTP 401; usage Δ {}	
admin.ops|GetPools|ok	PASS	HTTP 200; usage Δ {}	
admin.ops|GetPools|unauth	PASS	HTTP 401; usage Δ {}	
admin.ops|GetProviders|ok	PASS	HTTP 200; usage Δ {}	
admin.ops|GetProviders|unauth	PASS	HTTP 401; usage Δ {}	
admin.ops|GetUsage|ok	PASS	HTTP 200; usage Δ {}	
admin.ops|GetUsage|unauth	PASS	HTTP 401; usage Δ {}	
admin.ops|PatchExportNameSettings|bad-body	PASS	HTTP 400; usage Δ {}	
admin.ops|PatchExportNameSettings|if-match-malformed	PASS	HTTP 400; usage Δ {}	
admin.ops|PatchExportNameSettings|if-match-stale	PASS	HTTP 409; usage Δ {}	
admin.ops|PatchExportNameSettings|not-found	PASS	HTTP 404; usage Δ {}	
admin.ops|PatchExportNameSettings|ok	PASS	HTTP 200; usage Δ {}	
admin.ops|PatchExportNameSettings|unauth	PASS	HTTP 401; usage Δ {}	
admin.ops|PatchGroupsName|bad-body	PASS	HTTP 400; usage Δ {}	
admin.ops|PatchGroupsName|if-match-malformed	PASS	HTTP 400; usage Δ {}	
admin.ops|PatchGroupsName|if-match-stale	PASS	HTTP 409; usage Δ {}	
admin.ops|PatchGroupsName|not-found	PASS	HTTP 404; usage Δ {}	
admin.ops|PatchGroupsName|ok	PASS	HTTP 200; usage Δ {}	
admin.ops|PatchGroupsName|unauth	PASS	HTTP 401; usage Δ {}	
admin.ops|PatchHooksNameSettings|bad-body	PASS	HTTP 400; usage Δ {}	
admin.ops|PatchHooksNameSettings|if-match-malformed	PASS	HTTP 400; usage Δ {}	
admin.ops|PatchHooksNameSettings|if-match-stale	PASS	HTTP 409; usage Δ {}	
admin.ops|PatchHooksNameSettings|not-found	PASS	HTTP 404; usage Δ {}	
admin.ops|PatchHooksNameSettings|ok	PASS	HTTP 409; usage Δ {}	
admin.ops|PatchHooksNameSettings|unauth	PASS	HTTP 401; usage Δ {}	
admin.ops|PatchIdentityProvidersNameSettings|bad-body	PASS	HTTP 400; usage Δ {}	
admin.ops|PatchIdentityProvidersNameSettings|if-match-malformed	PASS	HTTP 400; usage Δ {}	
admin.ops|PatchIdentityProvidersNameSettings|if-match-stale	PASS	HTTP 409; usage Δ {}	
admin.ops|PatchIdentityProvidersNameSettings|not-found	PASS	HTTP 404; usage Δ {}	
admin.ops|PatchIdentityProvidersNameSettings|ok	PASS	HTTP 200; usage Δ {}	
admin.ops|PatchIdentityProvidersNameSettings|unauth	PASS	HTTP 401; usage Δ {}	
admin.ops|PatchKeysId|bad-body	PASS	HTTP 400; usage Δ {}	
admin.ops|PatchKeysId|if-match-malformed	PASS	HTTP 400; usage Δ {}	
admin.ops|PatchKeysId|if-match-stale	PASS	HTTP 400; usage Δ {}	
admin.ops|PatchKeysId|not-found	PASS	HTTP 404; usage Δ {}	
admin.ops|PatchKeysId|ok	PASS	HTTP 200; usage Δ {}	
admin.ops|PatchKeysId|unauth	PASS	HTTP 401; usage Δ {}	
admin.ops|PostAuthCacheFlush|bad-body	PASS	HTTP 400; usage Δ {}	
admin.ops|PostAuthCacheFlush|ok	PASS	HTTP 200; usage Δ {}	
admin.ops|PostAuthCacheFlush|unauth	PASS	HTTP 401; usage Δ {}	
admin.ops|PostConfigApply|bad-body	PASS	HTTP 400; usage Δ {}	
admin.ops|PostConfigApply|if-match-malformed	PASS	HTTP 400; usage Δ {}	
admin.ops|PostConfigApply|if-match-stale	PASS	HTTP 200; usage Δ {}	
admin.ops|PostConfigApply|ok	PASS	HTTP 200; usage Δ {}	
admin.ops|PostConfigApply|unauth	PASS	HTTP 401; usage Δ {}	
admin.ops|PostConfigReload|ok	PASS	HTTP 200; usage Δ {}	
admin.ops|PostConfigReload|unauth	PASS	HTTP 401; usage Δ {}	
admin.ops|PostConfigRollback|bad-body	PASS	HTTP 400; usage Δ {}	
admin.ops|PostConfigRollback|if-match-malformed	PASS	HTTP 400; usage Δ {}	
admin.ops|PostConfigRollback|if-match-stale	PASS	HTTP 409; usage Δ {}	
admin.ops|PostConfigRollback|ok	PASS	HTTP 200; usage Δ {}	
admin.ops|PostConfigRollback|unauth	PASS	HTTP 401; usage Δ {}	
admin.ops|PostConfigValidate|bad-body	PASS	HTTP 400; usage Δ {}	
admin.ops|PostConfigValidate|ok	PASS	HTTP 200; usage Δ {}	
admin.ops|PostConfigValidate|unauth	PASS	HTTP 401; usage Δ {}	
admin.ops|PostGroups|bad-body	PASS	HTTP 400; usage Δ {}	
admin.ops|PostGroups|if-match-malformed	PASS	HTTP 400; usage Δ {}	
admin.ops|PostGroups|if-match-stale	PASS	HTTP 200; usage Δ {}	
admin.ops|PostGroups|ok	PASS	HTTP 200; usage Δ {}	
admin.ops|PostGroups|unauth	PASS	HTTP 401; usage Δ {}	
admin.ops|PostHooks|bad-body	PASS	HTTP 400; usage Δ {}	
admin.ops|PostHooks|ok	SKIP	UNSUPPORTED: needs fixture: ok: null — 1.5.5 `hooks.<h>.module` must name a loaded `kind: hook` plugin by signed-manifest name/alias (CFG-220); the compi	named gap: the fixture this cell needs is not in the tree yet
admin.ops|PostHooks|unauth	PASS	HTTP 401; usage Δ {}	
admin.ops|PostKeysIdRevoke|not-found	PASS	HTTP 404; usage Δ {}	
admin.ops|PostKeysIdRevoke|ok	PASS	HTTP 200; usage Δ {}	
admin.ops|PostKeysIdRevoke|unauth	PASS	HTTP 401; usage Δ {}	
admin.ops|PostKeysIdRotate|idempotent-replay	PASS	HTTP 200; usage Δ {}	
admin.ops|PostKeysIdRotate|not-found	PASS	HTTP 404; usage Δ {}	
admin.ops|PostKeysIdRotate|ok	PASS	HTTP 200; usage Δ {}	
admin.ops|PostKeysIdRotate|unauth	PASS	HTTP 401; usage Δ {}	
admin.ops|PostKeys|bad-body	PASS	HTTP 400; usage Δ {}	
admin.ops|PostKeys|idempotent-replay	PASS	HTTP 201; usage Δ {}	
admin.ops|PostKeys|ok	PASS	HTTP 201; usage Δ {}	
admin.ops|PostKeys|unauth	PASS	HTTP 401; usage Δ {}	
admin.ops|PostPluginsInspect|bad-body	PASS	HTTP 400; usage Δ {}	
admin.ops|PostPluginsInspect|ok	PASS	HTTP 200; usage Δ {}	
admin.ops|PostPluginsInspect|unauth	PASS	HTTP 401; usage Δ {}	
admin.ops|PostPluginsReload|ok	PASS	HTTP 200; usage Δ {}	
admin.ops|PostPluginsReload|unauth	PASS	HTTP 401; usage Δ {}	
admin.ops|PostPluginsRollback|bad-body	PASS	HTTP 400; usage Δ {}	
admin.ops|PostPluginsRollback|ok	SKIP	UNSUPPORTED: needs fixture: ok: null — needs published plugin fixture. `file` required ⇒ bad_body 400. Unknown file is 404 (no path param, so not_found i	named gap: the fixture this cell needs is not in the tree yet
admin.ops|PostPluginsRollback|unauth	PASS	HTTP 401; usage Δ {}	
admin.ops|PostPlugins|bad-body	PASS	HTTP 400; usage Δ {}	
admin.ops|PostPlugins|ok	PASS	HTTP 201; usage Δ {}	
admin.ops|PostPlugins|unauth	PASS	HTTP 401; usage Δ {}	
admin.ops|PostRestart|bad-body	PASS	HTTP 400; usage Δ {}	
admin.ops|PostRestart|ok	PASS	HTTP 202; usage Δ {"unavailable":true}	
admin.ops|PostRestart|unauth	PASS	HTTP 401; usage Δ {}	
admin.ops|PostSigningKeyRotate|ok	PASS	HTTP 200; usage Δ {}	
admin.ops|PostSigningKeyRotate|unauth	PASS	HTTP 401; usage Δ {}	
admin.ops|PutAdminAuth|bad-body	PASS	HTTP 400; usage Δ {}	
admin.ops|PutAdminAuth|if-match-malformed	PASS	HTTP 400; usage Δ {}	
admin.ops|PutAdminAuth|if-match-stale	PASS	HTTP 200; usage Δ {}	
admin.ops|PutAdminAuth|ok	PASS	HTTP 200; usage Δ {}	
admin.ops|PutAdminAuth|unauth	PASS	HTTP 401; usage Δ {}	
admin.ops|PutConfigSettings|bad-body	PASS	HTTP 400; usage Δ {}	
admin.ops|PutConfigSettings|if-match-malformed	PASS	HTTP 400; usage Δ {}	
admin.ops|PutConfigSettings|if-match-stale	PASS	HTTP 200; usage Δ {}	
admin.ops|PutConfigSettings|ok	PASS	HTTP 200; usage Δ {}	
admin.ops|PutConfigSettings|unauth	PASS	HTTP 401; usage Δ {}	
admin.ops|PutExportName|bad-body	PASS	HTTP 400; usage Δ {}	
admin.ops|PutExportName|if-match-malformed	PASS	HTTP 400; usage Δ {}	
admin.ops|PutExportName|if-match-stale	PASS	HTTP 200; usage Δ {}	
admin.ops|PutExportName|not-found	PASS	HTTP 200; usage Δ {}	
admin.ops|PutExportName|ok	PASS	HTTP 200; usage Δ {}	
admin.ops|PutExportName|unauth	PASS	HTTP 401; usage Δ {}	
admin.ops|PutGroupsName|bad-body	PASS	HTTP 400; usage Δ {}	
admin.ops|PutGroupsName|if-match-malformed	PASS	HTTP 400; usage Δ {}	
admin.ops|PutGroupsName|if-match-stale	PASS	HTTP 409; usage Δ {}	
admin.ops|PutGroupsName|not-found	PASS	HTTP 404; usage Δ {}	
admin.ops|PutGroupsName|ok	PASS	HTTP 200; usage Δ {}	
admin.ops|PutGroupsName|unauth	PASS	HTTP 401; usage Δ {}	
admin.ops|PutHooksName|bad-body	PASS	HTTP 400; usage Δ {}	
admin.ops|PutHooksName|if-match-malformed	PASS	HTTP 400; usage Δ {}	
admin.ops|PutHooksName|if-match-stale	PASS	HTTP 409; usage Δ {}	
admin.ops|PutHooksName|not-found	PASS	HTTP 404; usage Δ {}	
admin.ops|PutHooksName|ok	PASS	HTTP 409; usage Δ {}	
admin.ops|PutHooksName|unauth	PASS	HTTP 401; usage Δ {}	
admin.ops|PutIdentityProvidersName|bad-body	PASS	HTTP 400; usage Δ {}	
admin.ops|PutIdentityProvidersName|if-match-malformed	PASS	HTTP 400; usage Δ {}	
admin.ops|PutIdentityProvidersName|if-match-stale	PASS	HTTP 200; usage Δ {}	
admin.ops|PutIdentityProvidersName|not-found	PASS	HTTP 200; usage Δ {}	
admin.ops|PutIdentityProvidersName|ok	PASS	HTTP 200; usage Δ {}	
admin.ops|PutIdentityProvidersName|unauth	PASS	HTTP 401; usage Δ {}
admin.ops|admin-token|wrong-destination	PASS	HTTP 401; usage Δ {}
admin.ops|PostConfigReload|rate-limit	PASS	HTTP 429; usage Δ {}
admin.ops|GetUsage|no-usage-after-mutation	PASS	HTTP 200; usage Δ {}
billing|admin-usage|after-2	PASS	HTTP 200; usage Δ {}
billing|admin-usage|past-day	PASS	HTTP 200; usage Δ {}	
billing|group-usage|after-2	PASS	HTTP 200; usage Δ {}	
billing|group-usage|broke-after-prime	PASS	HTTP 200; usage Δ {}	
billing|key-usage|after-1	PASS	HTTP 200; usage Δ {}	
billing|key-usage|after-3	PASS	HTTP 200; usage Δ {}	
billing|key-usage|after-cross-protocol	PASS	HTTP 200; usage Δ {}	
billing|key-usage|after-upstream-down	PASS	HTTP 200; usage Δ {}	
billing|key-usage|broke-after-429	PASS	HTTP 200; usage Δ {}	
billing|key-usage|fresh	PASS	HTTP 200; usage Δ {}	
billing|key-usage|noscope-after-403	PASS	HTTP 200; usage Δ {}	
boot.refusal|BOOT-001|validate	PASS	exit 1; 	
boot.refusal|BOOT-002|validate	PASS	exit 1; 	
boot.refusal|BOOT-003|validate	PASS	exit 1; 	
boot.refusal|BOOT-004|validate	PASS	exit 1; 	
boot.refusal|BOOT-005|validate	PASS	exit 1; 	
boot.refusal|BOOT-010|validate	PASS	exit 1; 	
boot.refusal|BOOT-011|validate	PASS	exit 1; 	
boot.refusal|BOOT-012a|validate	PASS	exit 1; 	
boot.refusal|BOOT-012b|validate	PASS	exit 1; 	
boot.refusal|BOOT-012c|validate	PASS	exit 1; 	
boot.refusal|BOOT-012d|validate	PASS	exit 1; 	
boot.refusal|BOOT-012e|validate	PASS	exit 1; 	
boot.refusal|BOOT-013|validate	PASS	exit 1; 	
boot.refusal|BOOT-014|validate	PASS	exit 1; 	
boot.refusal|BOOT-015|validate	PASS	exit 1; 	
boot.refusal|BOOT-016|validate	PASS	exit 1; 	
boot.refusal|BOOT-017|validate	PASS	exit 1; 	
boot.refusal|BOOT-020|validate	PASS	exit 1; 	
boot.refusal|BOOT-021a|validate	PASS	exit 1; 	
boot.refusal|BOOT-021b|validate	PASS	exit 1; 	
boot.refusal|BOOT-022|validate	PASS	exit 1; 	
boot.refusal|BOOT-023|validate	PASS	exit 1; 	
boot.refusal|BOOT-024|validate	PASS	exit 1; 	
boot.refusal|BOOT-025|validate	PASS	exit 1; 	
boot.refusal|BOOT-026|validate	PASS	exit 1; 	
boot.refusal|BOOT-027|validate	PASS	exit 1; 	
boot.refusal|BOOT-028|validate	PASS	exit 1; 	
boot.refusal|BOOT-029|validate	PASS	exit 1; 	
boot.refusal|BOOT-030|validate	PASS	exit 1; 	
boot.refusal|BOOT-031|validate	PASS	exit 1; 	
boot.refusal|BOOT-032|validate	PASS	exit 1; 	
boot.refusal|BOOT-033|validate	PASS	exit 1; 	
boot.refusal|BOOT-034|validate	PASS	exit 1; 	
boot.refusal|BOOT-035|validate	PASS	exit 1; 	
boot.refusal|BOOT-036|validate	PASS	exit 1; 	
boot.refusal|BOOT-040|validate	PASS	exit 1; 	
boot.refusal|BOOT-041|validate	PASS	exit 1; 	
boot.refusal|BOOT-042|validate	PASS	exit 1; 	
boot.refusal|BOOT-043a|validate	PASS	exit 1; 	
boot.refusal|BOOT-043b|validate	PASS	exit 1; 	
boot.refusal|BOOT-044a|validate	PASS	exit 1; 	
boot.refusal|BOOT-044b|validate	PASS	exit 1; 	
boot.refusal|BOOT-044c|validate	PASS	exit 1; 	
boot.refusal|BOOT-044d|validate	PASS	exit 1; 	
boot.refusal|BOOT-044e|validate	PASS	exit 1; 	
boot.refusal|BOOT-044f|validate	PASS	exit 1; 	
boot.refusal|BOOT-044g|validate	PASS	exit 1; 	
boot.refusal|BOOT-045a|validate	PASS	exit 1; 	
boot.refusal|BOOT-045b|validate	PASS	exit 1; 	
boot.refusal|BOOT-045c|validate	PASS	exit 1; 	
boot.refusal|BOOT-046|validate	PASS	exit 1; 	
boot.refusal|BOOT-047|validate	PASS	exit 1; 	
boot.refusal|BOOT-048|validate	PASS	exit 1; 	
boot.refusal|BOOT-049a|validate	PASS	exit 1; 	
boot.refusal|BOOT-049b|validate	PASS	exit 1; 	
boot.refusal|BOOT-050|validate	PASS	exit 1; 	
boot.refusal|BOOT-051|validate	PASS	exit 1; 	
boot.refusal|BOOT-052|validate	PASS	exit 1; 	
boot.refusal|BOOT-053|validate	PASS	exit 1; 	
boot.refusal|BOOT-054|validate	PASS	exit 1; 	
boot.refusal|BOOT-055|validate	SKIP	UNSUPPORTED: expect exit 1; stderr ∋ is a tap with `default: true`, but a tap cannot be a pool's base ordering	named gap: the fixture this cell needs is not in the tree yet
boot.refusal|BOOT-056|validate	PASS	exit 1; 	
boot.refusal|BOOT-057|validate	SKIP	UNSUPPORTED: expect exit 1; stderr ∋ more than one hook sets `default: true`	named gap: the fixture this cell needs is not in the tree yet
boot.refusal|BOOT-058a|validate	PASS	exit 1; 	
boot.refusal|BOOT-058b|validate	PASS	exit 1; 	
boot.refusal|BOOT-059a|validate	SKIP	UNSUPPORTED: expect exit 1; stderr ∋ on_error names the built-in ranking strategy	named gap: the fixture this cell needs is not in the tree yet
boot.refusal|BOOT-059b|validate	PASS	exit 1; 	
boot.refusal|BOOT-059c|validate	PASS	exit 1; 	
boot.refusal|BOOT-059d|validate	PASS	exit 1; 	
boot.refusal|BOOT-060|validate	PASS	exit 1; 	
boot.refusal|BOOT-061|validate	PASS	exit 1; 	
boot.refusal|BOOT-062|validate	PASS	exit 1; 	
boot.refusal|BOOT-063|validate	PASS	exit 1; 	
boot.refusal|BOOT-064|validate	PASS	exit 1; 	
boot.refusal|BOOT-070|validate	PASS	exit 0; ok: config valid — 6 provider(s), 6 model(s), 4 pool(s)   	
boot.refusal|BOOT-071|validate	PASS	exit 1; 	
boot.refusal|BOOT-072|validate	PASS	exit 1; 	
boot.refusal|BOOT-073a|validate	PASS	exit 1; 	
boot.refusal|BOOT-073b|validate	PASS	exit 1; 	
boot.refusal|BOOT-073c|validate	PASS	exit 1; 	
boot.refusal|BOOT-074a|validate	PASS	exit 1; 	
boot.refusal|BOOT-074b|validate	SKIP	UNSUPPORTED: expect exit 1; stderr ∋ sets `token:`, which belongs to the built-in `admin-tokens` module only	named gap: the fixture this cell needs is not in the tree yet
boot.refusal|BOOT-074c|validate	PASS	exit 0; ok: config valid — 6 provider(s), 6 model(s), 4 pool(s)   	
boot.refusal|BOOT-074d|validate	PASS	exit 0; ok: config valid — 6 provider(s), 6 model(s), 4 pool(s)   	
boot.refusal|BOOT-074e|validate	PASS	exit 1; 	
boot.refusal|BOOT-075|validate	PASS	exit 1; 	
boot.refusal|BOOT-076|validate	PASS	exit 1; 	
boot.refusal|BOOT-077|validate	SKIP	UNSUPPORTED: expect exit 1; stderr ∋ the static-token allowlist module was REMOVED in 1.5.0	named gap: the fixture this cell needs is not in the tree yet
boot.refusal|BOOT-078|validate	PASS	exit 1; 	
boot.refusal|BOOT-079|validate	SKIP	UNSUPPORTED: expect exit 1; stderr ∋ ranking strategy but this binary was built WITHOUT the `hooks-ranking` feature	named gap: the fixture this cell needs is not in the tree yet
boot.refusal|BOOT-080|validate	PASS	exit 1; 	
boot.refusal|BOOT-081|validate	PASS	exit 1; 	
boot.refusal|BOOT-082|validate	PASS	exit 1; 	
boot.refusal|BOOT-083a|validate	PASS	exit 1; 	
boot.refusal|BOOT-083b|validate	PASS	exit 1; 	
boot.refusal|BOOT-084|validate	PASS	exit 1; 	
boot.refusal|BOOT-085|validate	PASS	exit 1; 	
boot.refusal|BOOT-086a|validate	PASS	exit 1; 	
boot.refusal|BOOT-086b|validate	PASS	exit 1; 	
boot.refusal|BOOT-087|validate	PASS	exit 1; 	
boot.refusal|BOOT-088|validate	PASS	exit 1; 	
boot.refusal|BOOT-089a|validate	PASS	exit 1; 	
boot.refusal|BOOT-089b|validate	PASS	exit 1; 	
boot.refusal|BOOT-089c|validate	PASS	exit 1; 	
boot.refusal|BOOT-089d|validate	PASS	exit 1; 	
boot.refusal|BOOT-089e|validate	PASS	exit 1; 	
boot.refusal|BOOT-089f|validate	PASS	exit 1; 	
boot.refusal|BOOT-090|validate	PASS	exit 1; 	
boot.refusal|BOOT-091|validate	PASS	exit 1; 	
boot.refusal|BOOT-092|validate	PASS	exit 1; 	
boot.refusal|BOOT-093|validate	PASS	exit 1; 	
boot.refusal|BOOT-094|validate	SKIP	UNSUPPORTED: expect exit 1; stderr ∋ an admin-tokens token is configured but this binary was built WITHOUT the `auth-	named gap: the fixture this cell needs is not in the tree yet
boot.refusal|BOOT-100|validate	PASS	exit 1; 	
boot.refusal|BOOT-101|validate	PASS	exit 1; 	
boot.refusal|BOOT-105a|validate	PASS	exit 1; 	
boot.refusal|BOOT-105b|validate	PASS	exit 1; 	
boot.refusal|BOOT-105c|validate	PASS	exit 1; 	
boot.refusal|BOOT-106|validate	PASS	exit 1; 	
boot.refusal|BOOT-107|validate	PASS	exit 1; 	
boot.refusal|BOOT-108|validate	PASS	exit 1; 	
boot.refusal|BOOT-109a|validate	PASS	exit 1; 	
boot.refusal|BOOT-109b|validate	PASS	exit 1; 	
boot.refusal|BOOT-110|validate	PASS	exit 1; 	
boot.refusal|BOOT-120|validate	PASS	exit 1; 	
boot.refusal|BOOT-121|validate	PASS	exit 1; 	
boot.refusal|BOOT-122|validate	PASS	exit 1; 	
boot.refusal|BOOT-123|validate	SKIP	UNSUPPORTED: expect exit 1; stderr ∋ was written by a newer busbar (overlay version	named gap: the fixture this cell needs is not in the tree yet
boot.refusal|BOOT-124|validate	PASS	exit 1; 	
boot.refusal|BOOT-125|validate	PASS	exit 1; 	
boot.refusal|BOOT-130|boot	PASS	exit 1; [2m2026-09-04T20:33:22.497694Z[0m [33m WARN[0m heterogen	
boot.refusal|BOOT-131|boot	PASS	exit 1; [2m2026-09-04T20:33:22.746539Z[0m [33m WARN[0m heterogen	
boot.refusal|BOOT-132|boot	PASS	exit 1; [2m2026-09-04T20:33:22.991055Z[0m [33m WARN[0m heterogen	
boot.refusal|BOOT-133|boot	PASS	exit 1; [2m2026-09-04T20:33:23.236328Z[0m [33m WARN[0m heterogen	
boot.refusal|BOOT-134|boot	PASS	exit 1; [2m2026-09-04T20:33:23.479912Z[0m [33m WARN[0m heterogen	
boot.refusal|BOOT-135|boot	SKIP	UNSUPPORTED: expect exit 1; stderr ∋ plugin validation failed:	named gap: the fixture this cell needs is not in the tree yet
boot.refusal|BOOT-136|boot	SKIP	UNSUPPORTED: expect exit 1; stderr ∋ resolves to plugin	named gap: the fixture this cell needs is not in the tree yet
boot.refusal|BOOT-137a|boot	SKIP	UNSUPPORTED: expect exit 1; stderr ∋ not an `auth` plugin	named gap: the fixture this cell needs is not in the tree yet
boot.refusal|BOOT-137b|boot	SKIP	UNSUPPORTED: expect exit 1; stderr ∋ but it was not loaded:	named gap: the fixture this cell needs is not in the tree yet
boot.refusal|BOOT-137c|boot	PASS	exit 1; [2m2026-09-04T20:33:23.800658Z[0m [33m WARN[0m heterogen	
boot.refusal|BOOT-138a|boot	SKIP	UNSUPPORTED: expect exit 1; stderr ∋ not a `hook` plugin	named gap: the fixture this cell needs is not in the tree yet
boot.refusal|BOOT-138b|boot	SKIP	UNSUPPORTED: expect exit 1; stderr ∋ but it was not loaded:	named gap: the fixture this cell needs is not in the tree yet
boot.refusal|BOOT-138c|boot	PASS	exit 1; [2m2026-09-04T20:33:24.081346Z[0m [33m WARN[0m heterogen	
boot.refusal|BOOT-139a|boot	SKIP	UNSUPPORTED: expect exit 1; stderr ∋ not an `auth` plugin. A provider's `module:` must be a built-in or a `kind: auth	named gap: the fixture this cell needs is not in the tree yet
boot.refusal|BOOT-139b|boot	SKIP	UNSUPPORTED: expect exit 1; stderr ∋ but it was not loaded:	named gap: the fixture this cell needs is not in the tree yet
boot.refusal|BOOT-140|boot	PASS	exit 1; [2m2026-09-04T20:33:24.360780Z[0m [33m WARN[0m heterogen	
boot.refusal|BOOT-141|boot	PASS	exit 1; [2m2026-09-04T20:33:24.602836Z[0m [33m WARN[0m heterogen	
boot.refusal|BOOT-150|validate	SKIP	UNSUPPORTED: expect exit 1; stderr ∋ only a `kind: secret` plugin can back a secret reference	named gap: the fixture this cell needs is not in the tree yet
boot.refusal|BOOT-151|validate	PASS	exit 1; 	
boot.refusal|BOOT-152|validate	PASS	exit 1; 	
boot.refusal|BOOT-153|boot	PASS	exit 1; [2m2026-09-04T20:33:25.093807Z[0m [33m WARN[0m heterogen	
boot.refusal|BOOT-160|boot	SKIP	UNSUPPORTED: expect exit 1; stderr ∋ references unknown provider	named gap: the fixture this cell needs is not in the tree yet
boot.refusal|BOOT-161|boot	SKIP	UNSUPPORTED: expect exit 1; stderr ∋ references unknown model	named gap: the fixture this cell needs is not in the tree yet
boot.refusal|BOOT-162|boot	SKIP	UNSUPPORTED: expect exit 1; stderr ∋ auth chain construction failed:	named gap: the fixture this cell needs is not in the tree yet
boot.refusal|BOOT-170|boot	SKIP	UNSUPPORTED: expect exit 1; stderr ∋ settings:	named gap: the fixture this cell needs is not in the tree yet
boot.refusal|BOOT-171|boot	SKIP	UNSUPPORTED: expect exit 1; stderr ∋ plugin load failed:	named gap: the fixture this cell needs is not in the tree yet
boot.refusal|BOOT-172|boot	SKIP	UNSUPPORTED: expect exit 1; stderr ∋ governance boot: budget hydration failed (	named gap: the fixture this cell needs is not in the tree yet
boot.refusal|BOOT-173|boot	SKIP	UNSUPPORTED: expect exit 1; stderr ∋ governance boot: could not read stored keys to validate budget_group references 	named gap: the fixture this cell needs is not in the tree yet
boot.refusal|BOOT-174|boot	SKIP	UNSUPPORTED: expect exit 1; stderr ∋ which does not exist in the top-level groups block.	named gap: the fixture this cell needs is not in the tree yet
boot.refusal|BOOT-175|boot	SKIP	UNSUPPORTED: expect exit 1; stderr ∋ governance init failed:	named gap: the fixture this cell needs is not in the tree yet
boot.refusal|BOOT-180|boot	PASS	exit 0; [2m2026-09-04T20:33:25.509119Z[0m [33m WARN[0m heterogen	
boot.refusal|BOOT-181|boot	PASS	exit 1; [2m2026-09-04T20:33:25.756040Z[0m [33m WARN[0m heterogen	
boot.refusal|BOOT-182|boot	SKIP	UNSUPPORTED: expect exit 1; stderr ∋ server error on '	named gap: the fixture this cell needs is not in the tree yet
boot.refusal|BOOT-183|boot	SKIP	UNSUPPORTED: expect exit 1; stderr ∋ failed to build the tokio runtime	named gap: the fixture this cell needs is not in the tree yet
boot.refusal|BOOT-184|boot	PASS	exit 2; 	
boot.refusal|BOOT-P01|validate	PASS	exit 1; 	
boot.refusal|BOOT-P02|validate	PASS	exit 1; 	
boot.refusal|BOOT-P03|validate	PASS	exit 1; 	
boot.refusal|BOOT-P04|boot	PASS	exit 1; 	
boot.refusal|BOOT-P05|validate	PASS	exit 1; 	
boot.refusal|BOOT-P06|validate	PASS	exit 1; 	
boot.refusal|BOOT-P07|validate	PASS	exit 1; 	
boot.refusal|BOOT-P08|validate	PASS	exit 1; 	
boot.refusal|BOOT-P09|validate	PASS	exit 1; 	
boot.refusal|BOOT-P10|validate	PASS	exit 1; 	
boot.refusal|BOOT-P11|validate	PASS	exit 1; 	
boot.refusal|BOOT-P12|validate	PASS	exit 1; 	
boot.refusal|BOOT-P13|validate	PASS	exit 1; 	
boot.refusal|BOOT-P14|validate	PASS	exit 1; 	
boot.refusal|BOOT-P15|validate	PASS	exit 1; 	
boot.refusal|BOOT-P16|validate	PASS	exit 1; 	
boot.refusal|BOOT-P17|validate	PASS	exit 1; 	
boot.refusal|BOOT-P18|validate	PASS	exit 1; 	
boot.refusal|BOOT-P19|validate	PASS	exit 1; 	
boot.refusal|BOOT-P20|validate	PASS	exit 1; 	
boot.refusal|BOOT-P21|validate	PASS	exit 1; 	
boot.refusal|BOOT-P22|validate	PASS	exit 1; 	
boot.refusal|BOOT-P23|validate	PASS	exit 1; 	
boot.refusal|BOOT-P24|validate	PASS	exit 1; 	
boot.refusal|BOOT-P25|validate	PASS	exit 1; 	
boot.refusal|BOOT-P26|validate	PASS	exit 1; 	
boot.refusal|BOOT-P27|validate	PASS	exit 1; 	
boot.refusal|BOOT-P28|validate	PASS	exit 1; 	
boot.refusal|BOOT-P29|validate	PASS	exit 1; 	
boot.refusal|BOOT-P30|validate	PASS	exit 1; 	
boot.refusal|BOOT-P31|validate	PASS	exit 1; 	
boot.refusal|BOOT-P32|validate	PASS	exit 1; 	
boot.refusal|BOOT-P33|validate	PASS	exit 1; 	
boot.refusal|BOOT-P34|validate	PASS	exit 1; 	
boot.refusal|BOOT-P35|validate	PASS	exit 1; 	
boot.refusal|BOOT-P36|validate	PASS	exit 1; 	
boot.refusal|BOOT-P37|validate	PASS	exit 1; 	
boot.refusal|BOOT-P38|validate	PASS	exit 1; 	
boot.refusal|BOOT-P39|validate	PASS	exit 1; 	
boot.refusal|BOOT-P40|validate	PASS	exit 1; 	
boot.refusal|BOOT-P41|validate	PASS	exit 1; 	
boot.warning|BOOT-W01|validate	PASS	exit 0; ok: config valid — 6 provider(s), 6 model(s), 4 pool(s)   	
boot.warning|BOOT-W02|validate	PASS	exit 0; ok: config valid — 6 provider(s), 6 model(s), 4 pool(s)   	
boot.warning|BOOT-W03|validate	PASS	exit 0; ok: config valid — 6 provider(s), 6 model(s), 4 pool(s)   	
boot.warning|BOOT-W04|validate	PASS	exit 0; ok: config valid — 6 provider(s), 6 model(s), 4 pool(s)   	
boot.warning|BOOT-W10|boot	PASS	exit 0; [2m2026-09-04T20:33:31.694736Z[0m [33m WARN[0m metadata 	
boot.warning|BOOT-W11|boot	PASS	exit 0; [2m2026-09-04T20:33:31.944873Z[0m [33m WARN[0m heterogen	
boot.warning|BOOT-W12|boot	PASS	exit 0; [2m2026-09-04T20:33:32.194490Z[0m [33m WARN[0m heterogen	
boot.warning|BOOT-W13|boot	SKIP	UNSUPPORTED: expect exit 0; stderr ∋ does not name the `keys` verifier — those keys are INERT and NOT enforced	named gap: the fixture this cell needs is not in the tree yet
boot.warning|BOOT-W14|boot	PASS	exit 0; [2m2026-09-04T20:33:32.462751Z[0m [33m WARN[0m heterogen	
boot.warning|BOOT-W15|boot	PASS	exit 0; [2m2026-09-04T20:33:32.712505Z[0m [33m WARN[0m heterogen	
boot.warning|BOOT-W16|boot	PASS	exit 0; [2m2026-09-04T20:33:32.962746Z[0m [33m WARN[0m heterogen	
boot.warning|BOOT-W17|boot	PASS	exit 0; [2m2026-09-04T20:33:33.213343Z[0m [33m WARN[0m heterogen	
boot.warning|BOOT-W18|boot	PASS	exit 0; [2m2026-09-04T20:33:33.464769Z[0m [33m WARN[0m config is	
boot.warning|BOOT-W19|boot	PASS	exit 0; [2m2026-09-04T20:33:33.714025Z[0m [33m WARN[0m config is	
boot.warning|BOOT-W20|boot	PASS	exit 2; 	
boot.warning|BOOT-W21|boot	SKIP	UNSUPPORTED: expect exit 0; stderr ∋ definition this binary cannot parse; it is NOT applied (edit or remove it, then 	named gap: the fixture this cell needs is not in the tree yet
boot.warning|BOOT-W22|boot	SKIP	UNSUPPORTED: expect exit 0; stderr ∋ plugin present but NOT loaded (trust policy)	named gap: the fixture this cell needs is not in the tree yet
boot.warning|BOOT-W23|boot	SKIP	UNSUPPORTED: expect exit 0; stderr ∋ plugin validated as UNVERIFIED (permitted by an explicit plugins.trust opt-in)	named gap: the fixture this cell needs is not in the tree yet
boot.warning|BOOT-W24|boot	SKIP	UNSUPPORTED: expect exit 0; stderr ∋ plugins.fetch: miss on reload; keeping current artifact	named gap: the fixture this cell needs is not in the tree yet
boot.warning|BOOT-W25|boot	PASS	exit 0; [2m2026-09-04T20:33:34.283903Z[0m [33m WARN[0m heterogen	
boot.warning|BOOT-W26|boot	SKIP	UNSUPPORTED: expect exit 0; stderr ∋ this pin REPLACES the binary-version floor, so the plugin is refused uncondition	named gap: the fixture this cell needs is not in the tree yet
boot.warning|BOOT-W30|validate	PASS	exit 0; ok: config valid — 6 provider(s), 6 model(s), 4 pool(s)   	
boot.warning|BOOT-W31|boot	PASS	exit 0; [2m2026-09-04T20:33:34.669517Z[0m [33m WARN[0m heterogen	
boot.warning|BOOT-W32|boot	PASS	exit 0; [2m2026-09-04T20:33:34.919773Z[0m [33m WARN[0m heterogen	
boot.warning|BOOT-W33|boot	PASS	exit 0; [2m2026-09-04T20:33:35.169814Z[0m [33m WARN[0m heterogen	
boot.warning|BOOT-W34|boot	PASS	exit 0; [2m2026-09-04T20:33:35.421291Z[0m [33m WARN[0m heterogen	
boot.warning|BOOT-W35|boot	PASS	exit 0; [2m2026-09-04T20:33:35.673572Z[0m [33m WARN[0m heterogen	
boot.warning|BOOT-W36|boot	PASS	exit 0; [2m2026-09-04T20:33:35.918789Z[0m [33m WARN[0m heterogen	
boot.warning|BOOT-W40|boot	PASS	exit 0; 169.254.0.0/16 100.100.100.200 168.63.129.16 192.0.0.192 fd0	
boot.warning|BOOT-W41|boot	PASS	exit 0; 169.254.0.0/16 100.100.100.200 168.63.129.16 192.0.0.192 fd0	
boot.warning|BOOT-W42|boot	PASS	exit 0; plugins dir: plugins (plugins.enabled: false) no plugin tarb	
cli|--generate-signing-key	PASS	exit 0; 6b9f3d5e915dafcb8ed4d7898bfdab2ed0f03f3357c0e02ef27de5532b26	
cli|--help	PASS	exit 0; busbar 1.5.5 — native-protocol LLM gateway  USAGE:     bus	
cli|--list-plugins	PASS	exit 0; plugins dir: plugins (plugins.enabled: false) no plugin tarb	
cli|--migrate-config|missing-path	PASS	exit 2; 	
cli|--migrate-config|unreadable	PASS	exit 1; 	
cli|--print-metadata-blocklist	PASS	exit 0; 169.254.0.0/16 100.100.100.200 168.63.129.16 192.0.0.192 fd0	
cli|--safe-mode|first-arg	PASS	exit 2; 	
cli|--validate|baseline	PASS	exit 0; ok: config valid — 6 provider(s), 6 model(s), 4 pool(s)   	
cli|--version	PASS	exit 0; busbar 1.5.5 	
cli|-V	PASS	exit 0; busbar 1.5.5 	
cli|-h	PASS	exit 0; busbar 1.5.5 — native-protocol LLM gateway  USAGE:     bus	
cli|env|BUSBAR_CONFIG-missing	PASS	exit 1; 	
cli|env|RUST_LOG-crate-filter	PASS	exit 0; ok: config valid — 6 provider(s), 6 model(s), 4 pool(s)   	
cli|unknown-flag	PASS	exit 2; 	
config.migrate|v0.10.0|migrate	PASS	exit 0; # busbar 1.5.5 config, migrated by `busbar --migrate-config`	
config.migrate|v0.10.0|validate-migrated	PASS	exit 1; 	
config.migrate|v0.11.0|migrate	PASS	exit 0; # busbar 1.5.5 config, migrated by `busbar --migrate-config`	
config.migrate|v0.11.0|validate-migrated	PASS	exit 1; 	
config.migrate|v0.11.1|migrate	PASS	exit 0; # busbar 1.5.5 config, migrated by `busbar --migrate-config`	
config.migrate|v0.11.1|validate-migrated	PASS	exit 1; 	
config.migrate|v0.12.0|migrate	PASS	exit 0; # busbar 1.5.5 config, migrated by `busbar --migrate-config`	
config.migrate|v0.12.0|validate-migrated	PASS	exit 1; 	
config.migrate|v0.13.0|migrate	PASS	exit 0; # busbar 1.5.5 config, migrated by `busbar --migrate-config`	
config.migrate|v0.13.0|validate-migrated	PASS	exit 1; 	
config.migrate|v0.14.0|migrate	PASS	exit 0; # busbar 1.5.5 config, migrated by `busbar --migrate-config`	
config.migrate|v0.14.0|validate-migrated	PASS	exit 1; 	
config.migrate|v0.14.1|migrate	PASS	exit 0; # busbar 1.5.5 config, migrated by `busbar --migrate-config`	
config.migrate|v0.14.1|validate-migrated	PASS	exit 1; 	
config.migrate|v0.15.0|migrate	PASS	exit 0; # busbar 1.5.5 config, migrated by `busbar --migrate-config`	
config.migrate|v0.15.0|validate-migrated	PASS	exit 1; 	
config.migrate|v0.16.0|migrate	PASS	exit 0; # busbar 1.5.5 config, migrated by `busbar --migrate-config`	
config.migrate|v0.16.0|validate-migrated	PASS	exit 1; 	
config.migrate|v0.16.1|migrate	PASS	exit 0; # busbar 1.5.5 config, migrated by `busbar --migrate-config`	
config.migrate|v0.16.1|validate-migrated	PASS	exit 1; 	
config.migrate|v0.16.2|migrate	PASS	exit 0; # busbar 1.5.5 config, migrated by `busbar --migrate-config`	
config.migrate|v0.16.2|validate-migrated	PASS	exit 1; 	
config.migrate|v0.17.0|migrate	PASS	exit 0; # busbar 1.5.5 config, migrated by `busbar --migrate-config`	
config.migrate|v0.17.0|validate-migrated	PASS	exit 1; 	
config.migrate|v0.17.1|migrate	PASS	exit 0; # busbar 1.5.5 config, migrated by `busbar --migrate-config`	
config.migrate|v0.17.1|validate-migrated	PASS	exit 1; 	
config.migrate|v0.17.2|migrate	PASS	exit 0; # busbar 1.5.5 config, migrated by `busbar --migrate-config`	
config.migrate|v0.17.2|validate-migrated	PASS	exit 1; 	
config.migrate|v0.17.3|migrate	PASS	exit 0; # busbar 1.5.5 config, migrated by `busbar --migrate-config`	
config.migrate|v0.17.3|validate-migrated	PASS	exit 1; 	
config.migrate|v0.17.4|migrate	PASS	exit 0; # busbar 1.5.5 config, migrated by `busbar --migrate-config`	
config.migrate|v0.17.4|validate-migrated	PASS	exit 1; 	
config.migrate|v0.9.0|migrate	PASS	exit 0; # busbar 1.5.5 config, migrated by `busbar --migrate-config`	
config.migrate|v0.9.0|validate-migrated	PASS	exit 1; 	
config.migrate|v0.9.1|migrate	PASS	exit 0; # busbar 1.5.5 config, migrated by `busbar --migrate-config`	
config.migrate|v0.9.1|validate-migrated	PASS	exit 1; 	
config.migrate|v1.0.0_bench_latency_config.anthropic.yaml|migrate	PASS	exit 0; # busbar 1.5.5 config, migrated by `busbar --migrate-config`	
config.migrate|v1.0.0_bench_latency_config.anthropic.yaml|validate-migrated	PASS	exit 1; 	
config.migrate|v1.0.0_bench_latency_config.mock.yaml|migrate	PASS	exit 0; # busbar 1.5.5 config, migrated by `busbar --migrate-config`	
config.migrate|v1.0.0_bench_latency_config.mock.yaml|validate-migrated	PASS	exit 1; 	
config.migrate|v1.0.0|migrate	PASS	exit 0; # busbar 1.5.5 config, migrated by `busbar --migrate-config`	
config.migrate|v1.0.0|validate-migrated	PASS	exit 1; 	
config.migrate|v1.0.1_bench_latency_config.anthropic.yaml|migrate	PASS	exit 0; # busbar 1.5.5 config, migrated by `busbar --migrate-config`	
config.migrate|v1.0.1_bench_latency_config.anthropic.yaml|validate-migrated	PASS	exit 1; 	
config.migrate|v1.0.1_bench_latency_config.mock.yaml|migrate	PASS	exit 0; # busbar 1.5.5 config, migrated by `busbar --migrate-config`	
config.migrate|v1.0.1_bench_latency_config.mock.yaml|validate-migrated	PASS	exit 1; 	
config.migrate|v1.0.1|migrate	PASS	exit 0; # busbar 1.5.5 config, migrated by `busbar --migrate-config`	
config.migrate|v1.0.1|validate-migrated	PASS	exit 1; 	
config.migrate|v1.1.0_bench_latency_config.anthropic.yaml|migrate	PASS	exit 0; # busbar 1.5.5 config, migrated by `busbar --migrate-config`	
config.migrate|v1.1.0_bench_latency_config.anthropic.yaml|validate-migrated	PASS	exit 1; 	
config.migrate|v1.1.0_bench_latency_config.mock.yaml|migrate	PASS	exit 0; # busbar 1.5.5 config, migrated by `busbar --migrate-config`	
config.migrate|v1.1.0_bench_latency_config.mock.yaml|validate-migrated	PASS	exit 1; 	
config.migrate|v1.1.0|migrate	PASS	exit 0; # busbar 1.5.5 config, migrated by `busbar --migrate-config`	
config.migrate|v1.1.0|validate-migrated	PASS	exit 1; 	
config.migrate|v1.1.1_bench_latency_config.anthropic.yaml|migrate	PASS	exit 0; # busbar 1.5.5 config, migrated by `busbar --migrate-config`	
config.migrate|v1.1.1_bench_latency_config.anthropic.yaml|validate-migrated	PASS	exit 1; 	
config.migrate|v1.1.1_bench_latency_config.mock.yaml|migrate	PASS	exit 0; # busbar 1.5.5 config, migrated by `busbar --migrate-config`	
config.migrate|v1.1.1_bench_latency_config.mock.yaml|validate-migrated	PASS	exit 1; 	
config.migrate|v1.1.1|migrate	PASS	exit 0; # busbar 1.5.5 config, migrated by `busbar --migrate-config`	
config.migrate|v1.1.1|validate-migrated	PASS	exit 1; 	
config.migrate|v1.2.0_bench_latency_config.anthropic.yaml|migrate	PASS	exit 0; # busbar 1.5.5 config, migrated by `busbar --migrate-config`	
config.migrate|v1.2.0_bench_latency_config.anthropic.yaml|validate-migrated	PASS	exit 1; 	
config.migrate|v1.2.0_bench_latency_config.mock.yaml|migrate	PASS	exit 0; # busbar 1.5.5 config, migrated by `busbar --migrate-config`	
config.migrate|v1.2.0_bench_latency_config.mock.yaml|validate-migrated	PASS	exit 1; 	
config.migrate|v1.2.0|migrate	PASS	exit 0; # busbar 1.5.5 config, migrated by `busbar --migrate-config`	
config.migrate|v1.2.0|validate-migrated	PASS	exit 1; 	
config.migrate|v1.2.1_bench_latency_config.anthropic.yaml|migrate	PASS	exit 0; # busbar 1.5.5 config, migrated by `busbar --migrate-config`	
config.migrate|v1.2.1_bench_latency_config.anthropic.yaml|validate-migrated	PASS	exit 1; 	
config.migrate|v1.2.1_bench_latency_config.mock.yaml|migrate	PASS	exit 0; # busbar 1.5.5 config, migrated by `busbar --migrate-config`	
config.migrate|v1.2.1_bench_latency_config.mock.yaml|validate-migrated	PASS	exit 1; 	
config.migrate|v1.2.1|migrate	PASS	exit 0; # busbar 1.5.5 config, migrated by `busbar --migrate-config`	
config.migrate|v1.2.1|validate-migrated	PASS	exit 1; 	
config.migrate|v1.3.0_bench_latency_config.anthropic.yaml|migrate	PASS	exit 0; # busbar 1.5.5 config, migrated by `busbar --migrate-config`	
config.migrate|v1.3.0_bench_latency_config.anthropic.yaml|validate-migrated	PASS	exit 1; 	
config.migrate|v1.3.0_bench_latency_config.mock.yaml|migrate	PASS	exit 0; # busbar 1.5.5 config, migrated by `busbar --migrate-config`	
config.migrate|v1.3.0_bench_latency_config.mock.yaml|validate-migrated	PASS	exit 1; 	
config.migrate|v1.3.0_demo|migrate	PASS	exit 0; # busbar 1.5.5 config, migrated by `busbar --migrate-config`	
config.migrate|v1.3.0_demo|validate-migrated	PASS	exit 1; 	
config.migrate|v1.3.0|migrate	PASS	exit 0; # busbar 1.5.5 config, migrated by `busbar --migrate-config`	
config.migrate|v1.3.0|validate-migrated	PASS	exit 1; 	
config.migrate|v1.3.1_bench_latency_config.anthropic.yaml|migrate	PASS	exit 0; # busbar 1.5.5 config, migrated by `busbar --migrate-config`	
config.migrate|v1.3.1_bench_latency_config.anthropic.yaml|validate-migrated	PASS	exit 1; 	
config.migrate|v1.3.1_bench_latency_config.mock.yaml|migrate	PASS	exit 0; # busbar 1.5.5 config, migrated by `busbar --migrate-config`	
config.migrate|v1.3.1_bench_latency_config.mock.yaml|validate-migrated	PASS	exit 1; 	
config.migrate|v1.3.1_demo|migrate	PASS	exit 0; # busbar 1.5.5 config, migrated by `busbar --migrate-config`	
config.migrate|v1.3.1_demo|validate-migrated	PASS	exit 1; 	
config.migrate|v1.3.1|migrate	PASS	exit 0; # busbar 1.5.5 config, migrated by `busbar --migrate-config`	
config.migrate|v1.3.1|validate-migrated	PASS	exit 1; 	
config.migrate|v1.3.2_bench_latency_config.anthropic.yaml|migrate	PASS	exit 0; # busbar 1.5.5 config, migrated by `busbar --migrate-config`	
config.migrate|v1.3.2_bench_latency_config.anthropic.yaml|validate-migrated	PASS	exit 1; 	
config.migrate|v1.3.2_bench_latency_config.mock.yaml|migrate	PASS	exit 0; # busbar 1.5.5 config, migrated by `busbar --migrate-config`	
config.migrate|v1.3.2_bench_latency_config.mock.yaml|validate-migrated	PASS	exit 1; 	
config.migrate|v1.3.2_demo|migrate	PASS	exit 0; # busbar 1.5.5 config, migrated by `busbar --migrate-config`	
config.migrate|v1.3.2_demo|validate-migrated	PASS	exit 1; 	
config.migrate|v1.3.2|migrate	PASS	exit 0; # busbar 1.5.5 config, migrated by `busbar --migrate-config`	
config.migrate|v1.3.2|validate-migrated	PASS	exit 1; 	
config.migrate|v1.3.3_bench_latency_config.anthropic.yaml|migrate	PASS	exit 0; # busbar 1.5.5 config, migrated by `busbar --migrate-config`	
config.migrate|v1.3.3_bench_latency_config.anthropic.yaml|validate-migrated	PASS	exit 1; 	
config.migrate|v1.3.3_bench_latency_config.mock.yaml|migrate	PASS	exit 0; # busbar 1.5.5 config, migrated by `busbar --migrate-config`	
config.migrate|v1.3.3_bench_latency_config.mock.yaml|validate-migrated	PASS	exit 1; 	
config.migrate|v1.3.3_examples_claude-code-bedrock|migrate	PASS	exit 0; # busbar 1.5.5 config, migrated by `busbar --migrate-config`	
config.migrate|v1.3.3_examples_claude-code-bedrock|validate-migrated	PASS	exit 1; 	
config.migrate|v1.3.3|migrate	PASS	exit 0; # busbar 1.5.5 config, migrated by `busbar --migrate-config`	
config.migrate|v1.3.3|validate-migrated	PASS	exit 1; 	
config.migrate|v1.4.0_bench_latency_config.anthropic.yaml|migrate	PASS	exit 0; # busbar 1.5.5 config, migrated by `busbar --migrate-config`	
config.migrate|v1.4.0_bench_latency_config.anthropic.yaml|validate-migrated	PASS	exit 1; 	
config.migrate|v1.4.0_bench_latency_config.mock.yaml|migrate	PASS	exit 0; # busbar 1.5.5 config, migrated by `busbar --migrate-config`	
config.migrate|v1.4.0_bench_latency_config.mock.yaml|validate-migrated	PASS	exit 1; 	
config.migrate|v1.4.0_examples_claude-code-bedrock|migrate	PASS	exit 0; # busbar 1.5.5 config, migrated by `busbar --migrate-config`	
config.migrate|v1.4.0_examples_claude-code-bedrock|validate-migrated	PASS	exit 1; 	
config.migrate|v1.4.0|migrate	PASS	exit 0; # busbar 1.5.5 config, migrated by `busbar --migrate-config`	
config.migrate|v1.4.0|validate-migrated	PASS	exit 1; 	
config.migrate|v1.4.1_bench_latency_config.anthropic.yaml|migrate	PASS	exit 0; # busbar 1.5.5 config, migrated by `busbar --migrate-config`	
config.migrate|v1.4.1_bench_latency_config.anthropic.yaml|validate-migrated	PASS	exit 1; 	
config.migrate|v1.4.1_bench_latency_config.mock.yaml|migrate	PASS	exit 0; # busbar 1.5.5 config, migrated by `busbar --migrate-config`	
config.migrate|v1.4.1_bench_latency_config.mock.yaml|validate-migrated	PASS	exit 1; 	
config.migrate|v1.4.1_examples_claude-code-bedrock|migrate	PASS	exit 0; # busbar 1.5.5 config, migrated by `busbar --migrate-config`	
config.migrate|v1.4.1_examples_claude-code-bedrock|validate-migrated	PASS	exit 1; 	
config.migrate|v1.4.1|migrate	PASS	exit 0; # busbar 1.5.5 config, migrated by `busbar --migrate-config`	
config.migrate|v1.4.1|validate-migrated	PASS	exit 1; 	
config.migrate|v1.5.0_docker|migrate	PASS	exit 0; listen: 0.0.0.0:8080 pools:   default:     members:     - mo	
config.migrate|v1.5.0_docker|validate-migrated	PASS	exit 1; 	
config.migrate|v1.5.0_examples_claude-code-bedrock|migrate	PASS	exit 0; listen: 127.0.0.1:8080 pools:   claude-code:     members:   	
config.migrate|v1.5.0_examples_claude-code-bedrock|validate-migrated	PASS	exit 1; 	
config.migrate|v1.5.0|migrate	PASS	exit 0; listen: 0.0.0.0:8080 pools:   haiku:     members:     - mode	
config.migrate|v1.5.0|validate-migrated	PASS	exit 1; 	
config.migrate|v1.5.1_docker|migrate	PASS	exit 0; listen: 0.0.0.0:8080 pools:   default:     members:     - mo	
config.migrate|v1.5.1_docker|validate-migrated	PASS	exit 1; 	
config.migrate|v1.5.1_examples_claude-code-bedrock|migrate	PASS	exit 0; listen: 127.0.0.1:8080 pools:   claude-code:     members:   	
config.migrate|v1.5.1_examples_claude-code-bedrock|validate-migrated	PASS	exit 1; 	
config.migrate|v1.5.1|migrate	PASS	exit 0; listen: 0.0.0.0:8080 pools:   haiku:     members:     - mode	
config.migrate|v1.5.1|validate-migrated	PASS	exit 1; 	
config.migrate|v1.5.2_docker|migrate	PASS	exit 0; listen: 0.0.0.0:8080 pools:   default:     members:     - mo	
config.migrate|v1.5.2_docker|validate-migrated	PASS	exit 1; 	
config.migrate|v1.5.2_examples_claude-code-bedrock|migrate	PASS	exit 0; listen: 127.0.0.1:8080 pools:   claude-code:     members:   	
config.migrate|v1.5.2_examples_claude-code-bedrock|validate-migrated	PASS	exit 1; 	
config.migrate|v1.5.2|migrate	PASS	exit 0; listen: 0.0.0.0:8080 pools:   haiku:     members:     - mode	
config.migrate|v1.5.2|validate-migrated	PASS	exit 1; 	
hooks|admin-list	PASS	HTTP 200; usage Δ {}	
hooks|hooked-pool|ok	PASS	HTTP 200; usage Δ {"requests":1,"spend_cents":250,"tokens":18}	
hooks|hooked-pool|ok_stream	PASS	HTTP 200; usage Δ {"requests":1,"spend_cents":250,"tokens":18}	
hooks|hooked-pool|unauth	PASS	HTTP 401; usage Δ {}	
hooks|metrics-hooks	PASS	HTTP 200; usage Δ {}	
hooks|unhooked-pool|ok	PASS	HTTP 200; usage Δ {"requests":1,"spend_cents":250,"tokens":18}	
http.crosscut|413|anthropic	PASS	HTTP 413; usage Δ {}	
http.crosscut|413|api-prefix	PASS	HTTP 404; usage Δ {}	
http.crosscut|413|openai	PASS	HTTP 413; usage Δ {}	
http.crosscut|413|openai-unauth	PASS	HTTP 401; usage Δ {}	
http.crosscut|HEAD|healthz	PASS	HTTP 200; usage Δ {}	
http.crosscut|OPTIONS|chat	PASS	HTTP 401; usage Δ {}	
http.crosscut|admin-outside-prefix|admin	PASS	HTTP 401; usage Δ {}	
http.crosscut|admin-unknown|admin	PASS	HTTP 404; usage Δ {}	
http.crosscut|admin-wrong-method|admin	PASS	HTTP 405; usage Δ {}	
http.crosscut|api-prefix|data	PASS	HTTP 401; usage Δ {}	
http.crosscut|api|data	PASS	HTTP 401; usage Δ {}	
http.crosscut|auth-token|GET-none	PASS	HTTP 200; usage Δ {}	
http.crosscut|auth-token|POST-empty	PASS	HTTP 401; usage Δ {}	
http.crosscut|bearer-and-x-api-key	PASS	HTTP 200; usage Δ {}	
http.crosscut|unknown-path|anthropic-beta	PASS	HTTP 404; usage Δ {}	
http.crosscut|unknown-path|anthropic-header	PASS	HTTP 404; usage Δ {}	
http.crosscut|unknown-path|bare	PASS	HTTP 404; usage Δ {}	
http.crosscut|unknown-path|openai-suffix	PASS	HTTP 400; usage Δ {}	
http.crosscut|wrong-method|GET-messages	PASS	HTTP 405; usage Δ {}	
http.crosscut|x-api-key-only|bad	PASS	HTTP 401; usage Δ {}	
llm|anthropic|anthropic|request|malformed	PASS	HTTP 400; usage Δ {}	
llm|anthropic|anthropic|request|ok	PASS	HTTP 200; usage Δ {"requests":1,"spend_cents":250,"tokens":18}	
llm|anthropic|anthropic|request|ok_stream	PASS	HTTP 200; usage Δ {"requests":1,"spend_cents":250,"tokens":18}	
llm|anthropic|anthropic|request|out_of_scope	PASS	HTTP 403; usage Δ {}	
llm|anthropic|anthropic|request|over_budget	PASS	HTTP 429; usage Δ {}	
llm|anthropic|anthropic|request|unauthenticated	PASS	HTTP 401; usage Δ {}	
llm|anthropic|anthropic|request|upstream_down	PASS	HTTP 503; usage Δ {"requests":1}	
llm|anthropic|bedrock|request|ok	PASS	HTTP 200; usage Δ {"requests":1,"spend_cents":250,"tokens":18}	
llm|anthropic|bedrock|request|ok_stream	PASS	HTTP 503; usage Δ {"requests":1}	
llm|anthropic|bedrock|request|upstream_down	PASS	HTTP 503; usage Δ {"requests":1}	
llm|anthropic|cohere|request|ok	PASS	HTTP 200; usage Δ {"requests":1,"spend_cents":250,"tokens":18}	
llm|anthropic|cohere|request|ok_stream	PASS	HTTP 200; usage Δ {"requests":1,"spend_cents":250,"tokens":18}	
llm|anthropic|cohere|request|upstream_down	PASS	HTTP 503; usage Δ {"requests":1}	
llm|anthropic|gemini|request|ok	PASS	HTTP 200; usage Δ {"requests":1,"spend_cents":250,"tokens":18}	
llm|anthropic|gemini|request|upstream_down	PASS	HTTP 503; usage Δ {"requests":1}	
llm|anthropic|openai|request|ok	PASS	HTTP 200; usage Δ {"requests":1,"spend_cents":250,"tokens":18}	
llm|anthropic|openai|request|ok_stream	PASS	HTTP 200; usage Δ {"requests":1,"spend_cents":250,"tokens":18}	
llm|anthropic|openai|request|upstream_down	PASS	HTTP 503; usage Δ {"requests":1}	
llm|anthropic|responses|request|ok	PASS	HTTP 200; usage Δ {"requests":1,"spend_cents":250,"tokens":18}	
llm|anthropic|responses|request|ok_stream	PASS	HTTP 200; usage Δ {"requests":1,"spend_cents":250,"tokens":18}	
llm|anthropic|responses|request|upstream_down	PASS	HTTP 503; usage Δ {"requests":1}	
llm|bedrock|anthropic|request|ok	PASS	HTTP 200; usage Δ {"requests":1,"spend_cents":250,"tokens":18}	
llm|bedrock|anthropic|request|ok_stream	PASS	HTTP 200; usage Δ {"requests":1,"spend_cents":250,"tokens":18}	
llm|bedrock|anthropic|request|upstream_down	PASS	HTTP 503; usage Δ {"requests":1}	
llm|bedrock|bedrock|request|malformed	PASS	HTTP 400; usage Δ {}	
llm|bedrock|bedrock|request|ok	PASS	HTTP 200; usage Δ {"requests":1,"spend_cents":250,"tokens":18}	
llm|bedrock|bedrock|request|ok_stream	PASS	HTTP 503; usage Δ {"requests":1}	
llm|bedrock|bedrock|request|out_of_scope	PASS	HTTP 403; usage Δ {}	
llm|bedrock|bedrock|request|over_budget	PASS	HTTP 429; usage Δ {}	
llm|bedrock|bedrock|request|unauthenticated	PASS	HTTP 403; usage Δ {}	
llm|bedrock|bedrock|request|upstream_down	PASS	HTTP 503; usage Δ {"requests":1}	
llm|bedrock|cohere|request|ok	PASS	HTTP 200; usage Δ {"requests":1,"spend_cents":250,"tokens":18}	
llm|bedrock|cohere|request|ok_stream	PASS	HTTP 200; usage Δ {"requests":1,"spend_cents":250,"tokens":18}	
llm|bedrock|cohere|request|upstream_down	PASS	HTTP 503; usage Δ {"requests":1}	
llm|bedrock|gemini|request|ok	PASS	HTTP 200; usage Δ {"requests":1,"spend_cents":250,"tokens":18}	
llm|bedrock|gemini|request|upstream_down	PASS	HTTP 503; usage Δ {"requests":1}	
llm|bedrock|openai|request|ok	PASS	HTTP 200; usage Δ {"requests":1,"spend_cents":250,"tokens":18}	
llm|bedrock|openai|request|ok_stream	PASS	HTTP 200; usage Δ {"requests":1,"spend_cents":250,"tokens":18}	
llm|bedrock|openai|request|upstream_down	PASS	HTTP 503; usage Δ {"requests":1}	
llm|bedrock|responses|request|ok	PASS	HTTP 200; usage Δ {"requests":1,"spend_cents":250,"tokens":18}	
llm|bedrock|responses|request|ok_stream	PASS	HTTP 200; usage Δ {"requests":1,"spend_cents":250,"tokens":18}	
llm|bedrock|responses|request|upstream_down	PASS	HTTP 503; usage Δ {"requests":1}	
llm|cohere|anthropic|request|ok	PASS	HTTP 200; usage Δ {"requests":1,"spend_cents":250,"tokens":18}	
llm|cohere|anthropic|request|ok_stream	PASS	HTTP 200; usage Δ {"requests":1,"spend_cents":250,"tokens":18}	
llm|cohere|anthropic|request|upstream_down	PASS	HTTP 503; usage Δ {"requests":1}	
llm|cohere|bedrock|request|ok	PASS	HTTP 200; usage Δ {"requests":1,"spend_cents":250,"tokens":18}	
llm|cohere|bedrock|request|ok_stream	PASS	HTTP 503; usage Δ {"requests":1}	
llm|cohere|bedrock|request|upstream_down	PASS	HTTP 503; usage Δ {"requests":1}	
llm|cohere|cohere|request|malformed	PASS	HTTP 400; usage Δ {}	
llm|cohere|cohere|request|ok	PASS	HTTP 200; usage Δ {"requests":1,"spend_cents":250,"tokens":18}	
llm|cohere|cohere|request|ok_stream	PASS	HTTP 200; usage Δ {"requests":1,"spend_cents":250,"tokens":18}	
llm|cohere|cohere|request|out_of_scope	PASS	HTTP 403; usage Δ {}	
llm|cohere|cohere|request|over_budget	PASS	HTTP 429; usage Δ {}	
llm|cohere|cohere|request|unauthenticated	PASS	HTTP 401; usage Δ {}	
llm|cohere|cohere|request|upstream_down	PASS	HTTP 503; usage Δ {"requests":1}	
llm|cohere|gemini|request|ok	PASS	HTTP 200; usage Δ {"requests":1,"spend_cents":250,"tokens":18}	
llm|cohere|gemini|request|upstream_down	PASS	HTTP 503; usage Δ {"requests":1}	
llm|cohere|openai|request|ok	PASS	HTTP 200; usage Δ {"requests":1,"spend_cents":250,"tokens":18}	
llm|cohere|openai|request|ok_stream	PASS	HTTP 200; usage Δ {"requests":1,"spend_cents":250,"tokens":18}	
llm|cohere|openai|request|upstream_down	PASS	HTTP 503; usage Δ {"requests":1}	
llm|cohere|responses|request|ok	PASS	HTTP 200; usage Δ {"requests":1,"spend_cents":250,"tokens":18}	
llm|cohere|responses|request|ok_stream	PASS	HTTP 200; usage Δ {"requests":1,"spend_cents":250,"tokens":18}	
llm|cohere|responses|request|upstream_down	PASS	HTTP 503; usage Δ {"requests":1}	
llm|gemini|anthropic|request|ok	PASS	HTTP 200; usage Δ {"requests":1,"spend_cents":250,"tokens":18}	
llm|gemini|anthropic|request|ok_stream	PASS	HTTP 200; usage Δ {"requests":1,"spend_cents":250,"tokens":18}	
llm|gemini|anthropic|request|upstream_down	PASS	HTTP 503; usage Δ {"requests":1}	
llm|gemini|bedrock|request|ok	PASS	HTTP 200; usage Δ {"requests":1,"spend_cents":250,"tokens":18}	
llm|gemini|bedrock|request|ok_stream	PASS	HTTP 503; usage Δ {"requests":1}	
llm|gemini|bedrock|request|upstream_down	PASS	HTTP 503; usage Δ {"requests":1}	
llm|gemini|cohere|request|ok	PASS	HTTP 200; usage Δ {"requests":1,"spend_cents":250,"tokens":18}	
llm|gemini|cohere|request|ok_stream	PASS	HTTP 200; usage Δ {"requests":1,"spend_cents":250,"tokens":18}	
llm|gemini|cohere|request|upstream_down	PASS	HTTP 503; usage Δ {"requests":1}	
llm|gemini|gemini|request|malformed	PASS	HTTP 400; usage Δ {}	
llm|gemini|gemini|request|ok	PASS	HTTP 200; usage Δ {"requests":1,"spend_cents":250,"tokens":18}	
llm|gemini|gemini|request|ok_stream_array	PASS	HTTP 200; usage Δ {"requests":1,"spend_cents":250,"tokens":18}	
llm|gemini|gemini|request|out_of_scope	PASS	HTTP 403; usage Δ {}	
llm|gemini|gemini|request|over_budget	PASS	HTTP 429; usage Δ {}	
llm|gemini|gemini|request|unauthenticated	PASS	HTTP 400; usage Δ {}	
llm|gemini|gemini|request|upstream_down	PASS	HTTP 503; usage Δ {"requests":1}	
llm|gemini|openai|request|ok	PASS	HTTP 200; usage Δ {"requests":1,"spend_cents":250,"tokens":18}	
llm|gemini|openai|request|ok_stream	PASS	HTTP 200; usage Δ {"requests":1,"spend_cents":250,"tokens":18}	
llm|gemini|openai|request|upstream_down	PASS	HTTP 503; usage Δ {"requests":1}	
llm|gemini|responses|request|ok	PASS	HTTP 200; usage Δ {"requests":1,"spend_cents":250,"tokens":18}	
llm|gemini|responses|request|ok_stream	PASS	HTTP 200; usage Δ {"requests":1,"spend_cents":250,"tokens":18}	
llm|gemini|responses|request|upstream_down	PASS	HTTP 503; usage Δ {"requests":1}	
llm|openai|anthropic|request|ok	PASS	HTTP 200; usage Δ {"requests":1,"spend_cents":250,"tokens":18}	
llm|openai|anthropic|request|ok_stream	PASS	HTTP 200; usage Δ {"requests":1,"spend_cents":250,"tokens":18}	
llm|openai|anthropic|request|upstream_down	PASS	HTTP 503; usage Δ {"requests":1}	
llm|openai|bedrock|request|ok	PASS	HTTP 200; usage Δ {"requests":1,"spend_cents":250,"tokens":18}	
llm|openai|bedrock|request|ok_stream	PASS	HTTP 503; usage Δ {"requests":1}	
llm|openai|bedrock|request|upstream_down	PASS	HTTP 503; usage Δ {"requests":1}	
llm|openai|cohere|request|ok	PASS	HTTP 200; usage Δ {"requests":1,"spend_cents":250,"tokens":18}	
llm|openai|cohere|request|ok_stream	PASS	HTTP 200; usage Δ {"requests":1,"spend_cents":250,"tokens":18}	
llm|openai|cohere|request|upstream_down	PASS	HTTP 503; usage Δ {"requests":1}	
llm|openai|gemini|request|ok	PASS	HTTP 200; usage Δ {"requests":1,"spend_cents":250,"tokens":18}	
llm|openai|gemini|request|upstream_down	PASS	HTTP 503; usage Δ {"requests":1}	
llm|openai|openai|request|malformed	PASS	HTTP 400; usage Δ {}	
llm|openai|openai|request|ok	PASS	HTTP 200; usage Δ {"requests":1,"spend_cents":250,"tokens":18}	
llm|openai|openai|request|ok_stream	PASS	HTTP 200; usage Δ {"requests":1,"spend_cents":250,"tokens":18}	
llm|openai|openai|request|out_of_scope	PASS	HTTP 403; usage Δ {}	
llm|openai|openai|request|over_budget	PASS	HTTP 429; usage Δ {}	
llm|openai|openai|request|unauthenticated	PASS	HTTP 401; usage Δ {}	
llm|openai|openai|request|upstream_down	PASS	HTTP 503; usage Δ {"requests":1}	
llm|openai|responses|request|ok	PASS	HTTP 200; usage Δ {"requests":1,"spend_cents":250,"tokens":18}	
llm|openai|responses|request|ok_stream	PASS	HTTP 200; usage Δ {"requests":1,"spend_cents":250,"tokens":18}	
llm|openai|responses|request|upstream_down	PASS	HTTP 503; usage Δ {"requests":1}	
llm|responses|anthropic|request|ok	PASS	HTTP 200; usage Δ {"requests":1,"spend_cents":250,"tokens":18}	
llm|responses|anthropic|request|ok_stream	PASS	HTTP 200; usage Δ {"requests":1,"spend_cents":250,"tokens":18}	
llm|responses|anthropic|request|upstream_down	PASS	HTTP 503; usage Δ {"requests":1}	
llm|responses|bedrock|request|ok	PASS	HTTP 200; usage Δ {"requests":1,"spend_cents":250,"tokens":18}	
llm|responses|bedrock|request|ok_stream	PASS	HTTP 503; usage Δ {"requests":1}	
llm|responses|bedrock|request|upstream_down	PASS	HTTP 503; usage Δ {"requests":1}	
llm|responses|cohere|request|ok	PASS	HTTP 200; usage Δ {"requests":1,"spend_cents":250,"tokens":18}	
llm|responses|cohere|request|ok_stream	PASS	HTTP 200; usage Δ {"requests":1,"spend_cents":250,"tokens":18}	
llm|responses|cohere|request|upstream_down	PASS	HTTP 503; usage Δ {"requests":1}	
llm|responses|gemini|request|ok	PASS	HTTP 200; usage Δ {"requests":1,"spend_cents":250,"tokens":18}	
llm|responses|gemini|request|upstream_down	PASS	HTTP 503; usage Δ {"requests":1}	
llm|responses|openai|request|ok	PASS	HTTP 200; usage Δ {"requests":1,"spend_cents":250,"tokens":18}	
llm|responses|openai|request|ok_stream	PASS	HTTP 200; usage Δ {"requests":1,"spend_cents":250,"tokens":18}	
llm|responses|openai|request|upstream_down	PASS	HTTP 503; usage Δ {"requests":1}	
llm|responses|responses|request|malformed	PASS	HTTP 400; usage Δ {}	
llm|responses|responses|request|ok	PASS	HTTP 200; usage Δ {"requests":1,"spend_cents":250,"tokens":18}	
llm|responses|responses|request|ok_stream	PASS	HTTP 200; usage Δ {"requests":1,"spend_cents":250,"tokens":18}	
llm|responses|responses|request|out_of_scope	PASS	HTTP 403; usage Δ {}	
llm|responses|responses|request|over_budget	PASS	HTTP 429; usage Δ {}	
llm|responses|responses|request|unauthenticated	PASS	HTTP 401; usage Δ {}	
llm|responses|responses|request|upstream_down	PASS	HTTP 503; usage Δ {"requests":1}	
mcp|stdio|client|client|DELETE /mcp (terminate session)|malformed	SKIP	UNSUPPORTED: mcp is proven by its conformance rig, not recorded here	named gap on the golden, never owed
mcp|stdio|client|client|DELETE /mcp (terminate session)|ok	SKIP	UNSUPPORTED: mcp is proven by its conformance rig, not recorded here	named gap on the golden, never owed
mcp|stdio|client|client|DELETE /mcp (terminate session)|out_of_scope	SKIP	UNSUPPORTED: mcp is proven by its conformance rig, not recorded here	named gap on the golden, never owed
mcp|stdio|client|client|DELETE /mcp (terminate session)|over_budget	SKIP	UNSUPPORTED: mcp is proven by its conformance rig, not recorded here	named gap on the golden, never owed
mcp|stdio|client|client|DELETE /mcp (terminate session)|unauthenticated	SKIP	UNSUPPORTED: mcp is proven by its conformance rig, not recorded here	named gap on the golden, never owed
mcp|stdio|client|client|DELETE /mcp (terminate session)|upstream_down	SKIP	UNSUPPORTED: mcp is proven by its conformance rig, not recorded here	named gap on the golden, never owed
mcp|stdio|client|client|GET /mcp (open SSE stream)|malformed	SKIP	UNSUPPORTED: mcp is proven by its conformance rig, not recorded here	named gap on the golden, never owed
mcp|stdio|client|client|GET /mcp (open SSE stream)|ok	SKIP	UNSUPPORTED: mcp is proven by its conformance rig, not recorded here	named gap on the golden, never owed
mcp|stdio|client|client|GET /mcp (open SSE stream)|out_of_scope	SKIP	UNSUPPORTED: mcp is proven by its conformance rig, not recorded here	named gap on the golden, never owed
mcp|stdio|client|client|GET /mcp (open SSE stream)|over_budget	SKIP	UNSUPPORTED: mcp is proven by its conformance rig, not recorded here	named gap on the golden, never owed
mcp|stdio|client|client|GET /mcp (open SSE stream)|unauthenticated	SKIP	UNSUPPORTED: mcp is proven by its conformance rig, not recorded here	named gap on the golden, never owed
mcp|stdio|client|client|GET /mcp (open SSE stream)|upstream_down	SKIP	UNSUPPORTED: mcp is proven by its conformance rig, not recorded here	named gap on the golden, never owed
mcp|stdio|client|client|completion/complete|malformed	SKIP	UNSUPPORTED: mcp is proven by its conformance rig, not recorded here	named gap on the golden, never owed
mcp|stdio|client|client|completion/complete|ok	SKIP	UNSUPPORTED: mcp is proven by its conformance rig, not recorded here	named gap on the golden, never owed
mcp|stdio|client|client|completion/complete|out_of_scope	SKIP	UNSUPPORTED: mcp is proven by its conformance rig, not recorded here	named gap on the golden, never owed
mcp|stdio|client|client|completion/complete|over_budget	SKIP	UNSUPPORTED: mcp is proven by its conformance rig, not recorded here	named gap on the golden, never owed
mcp|stdio|client|client|completion/complete|unauthenticated	SKIP	UNSUPPORTED: mcp is proven by its conformance rig, not recorded here	named gap on the golden, never owed
mcp|stdio|client|client|completion/complete|upstream_down	SKIP	UNSUPPORTED: mcp is proven by its conformance rig, not recorded here	named gap on the golden, never owed
mcp|stdio|client|client|initialize|malformed	SKIP	UNSUPPORTED: mcp is proven by its conformance rig, not recorded here	named gap on the golden, never owed
mcp|stdio|client|client|initialize|ok	SKIP	UNSUPPORTED: mcp is proven by its conformance rig, not recorded here	named gap on the golden, never owed
mcp|stdio|client|client|initialize|out_of_scope	SKIP	UNSUPPORTED: mcp is proven by its conformance rig, not recorded here	named gap on the golden, never owed
mcp|stdio|client|client|initialize|over_budget	SKIP	UNSUPPORTED: mcp is proven by its conformance rig, not recorded here	named gap on the golden, never owed
mcp|stdio|client|client|initialize|unauthenticated	SKIP	UNSUPPORTED: mcp is proven by its conformance rig, not recorded here	named gap on the golden, never owed
mcp|stdio|client|client|initialize|upstream_down	SKIP	UNSUPPORTED: mcp is proven by its conformance rig, not recorded here	named gap on the golden, never owed
mcp|stdio|client|client|logging/setLevel|malformed	SKIP	UNSUPPORTED: mcp is proven by its conformance rig, not recorded here	named gap on the golden, never owed
mcp|stdio|client|client|logging/setLevel|ok	SKIP	UNSUPPORTED: mcp is proven by its conformance rig, not recorded here	named gap on the golden, never owed
mcp|stdio|client|client|logging/setLevel|out_of_scope	SKIP	UNSUPPORTED: mcp is proven by its conformance rig, not recorded here	named gap on the golden, never owed
mcp|stdio|client|client|logging/setLevel|over_budget	SKIP	UNSUPPORTED: mcp is proven by its conformance rig, not recorded here	named gap on the golden, never owed
mcp|stdio|client|client|logging/setLevel|unauthenticated	SKIP	UNSUPPORTED: mcp is proven by its conformance rig, not recorded here	named gap on the golden, never owed
mcp|stdio|client|client|logging/setLevel|upstream_down	SKIP	UNSUPPORTED: mcp is proven by its conformance rig, not recorded here	named gap on the golden, never owed
mcp|stdio|client|client|notifications/cancelled|malformed	SKIP	UNSUPPORTED: mcp is proven by its conformance rig, not recorded here	named gap on the golden, never owed
mcp|stdio|client|client|notifications/cancelled|ok	SKIP	UNSUPPORTED: mcp is proven by its conformance rig, not recorded here	named gap on the golden, never owed
mcp|stdio|client|client|notifications/cancelled|out_of_scope	SKIP	UNSUPPORTED: mcp is proven by its conformance rig, not recorded here	named gap on the golden, never owed
mcp|stdio|client|client|notifications/cancelled|over_budget	SKIP	UNSUPPORTED: mcp is proven by its conformance rig, not recorded here	named gap on the golden, never owed
mcp|stdio|client|client|notifications/cancelled|unauthenticated	SKIP	UNSUPPORTED: mcp is proven by its conformance rig, not recorded here	named gap on the golden, never owed
mcp|stdio|client|client|notifications/cancelled|upstream_down	SKIP	UNSUPPORTED: mcp is proven by its conformance rig, not recorded here	named gap on the golden, never owed
mcp|stdio|client|client|notifications/elicitation/response|malformed	SKIP	UNSUPPORTED: mcp is proven by its conformance rig, not recorded here	named gap on the golden, never owed
mcp|stdio|client|client|notifications/elicitation/response|ok	SKIP	UNSUPPORTED: mcp is proven by its conformance rig, not recorded here	named gap on the golden, never owed
mcp|stdio|client|client|notifications/elicitation/response|out_of_scope	SKIP	UNSUPPORTED: mcp is proven by its conformance rig, not recorded here	named gap on the golden, never owed
mcp|stdio|client|client|notifications/elicitation/response|over_budget	SKIP	UNSUPPORTED: mcp is proven by its conformance rig, not recorded here	named gap on the golden, never owed
mcp|stdio|client|client|notifications/elicitation/response|unauthenticated	SKIP	UNSUPPORTED: mcp is proven by its conformance rig, not recorded here	named gap on the golden, never owed
mcp|stdio|client|client|notifications/elicitation/response|upstream_down	SKIP	UNSUPPORTED: mcp is proven by its conformance rig, not recorded here	named gap on the golden, never owed
mcp|stdio|client|client|notifications/initialized|malformed	SKIP	UNSUPPORTED: mcp is proven by its conformance rig, not recorded here	named gap on the golden, never owed
mcp|stdio|client|client|notifications/initialized|ok	SKIP	UNSUPPORTED: mcp is proven by its conformance rig, not recorded here	named gap on the golden, never owed
mcp|stdio|client|client|notifications/initialized|out_of_scope	SKIP	UNSUPPORTED: mcp is proven by its conformance rig, not recorded here	named gap on the golden, never owed
mcp|stdio|client|client|notifications/initialized|over_budget	SKIP	UNSUPPORTED: mcp is proven by its conformance rig, not recorded here	named gap on the golden, never owed
mcp|stdio|client|client|notifications/initialized|unauthenticated	SKIP	UNSUPPORTED: mcp is proven by its conformance rig, not recorded here	named gap on the golden, never owed
mcp|stdio|client|client|notifications/initialized|upstream_down	SKIP	UNSUPPORTED: mcp is proven by its conformance rig, not recorded here	named gap on the golden, never owed
mcp|stdio|client|client|notifications/progress|malformed	SKIP	UNSUPPORTED: mcp is proven by its conformance rig, not recorded here	named gap on the golden, never owed
mcp|stdio|client|client|notifications/progress|ok	SKIP	UNSUPPORTED: mcp is proven by its conformance rig, not recorded here	named gap on the golden, never owed
mcp|stdio|client|client|notifications/progress|out_of_scope	SKIP	UNSUPPORTED: mcp is proven by its conformance rig, not recorded here	named gap on the golden, never owed
mcp|stdio|client|client|notifications/progress|over_budget	SKIP	UNSUPPORTED: mcp is proven by its conformance rig, not recorded here	named gap on the golden, never owed
mcp|stdio|client|client|notifications/progress|unauthenticated	SKIP	UNSUPPORTED: mcp is proven by its conformance rig, not recorded here	named gap on the golden, never owed
mcp|stdio|client|client|notifications/progress|upstream_down	SKIP	UNSUPPORTED: mcp is proven by its conformance rig, not recorded here	named gap on the golden, never owed
mcp|stdio|client|client|notifications/roots/list_changed|malformed	SKIP	UNSUPPORTED: mcp is proven by its conformance rig, not recorded here	named gap on the golden, never owed
mcp|stdio|client|client|notifications/roots/list_changed|ok	SKIP	UNSUPPORTED: mcp is proven by its conformance rig, not recorded here	named gap on the golden, never owed
mcp|stdio|client|client|notifications/roots/list_changed|out_of_scope	SKIP	UNSUPPORTED: mcp is proven by its conformance rig, not recorded here	named gap on the golden, never owed
mcp|stdio|client|client|notifications/roots/list_changed|over_budget	SKIP	UNSUPPORTED: mcp is proven by its conformance rig, not recorded here	named gap on the golden, never owed
mcp|stdio|client|client|notifications/roots/list_changed|unauthenticated	SKIP	UNSUPPORTED: mcp is proven by its conformance rig, not recorded here	named gap on the golden, never owed
mcp|stdio|client|client|notifications/roots/list_changed|upstream_down	SKIP	UNSUPPORTED: mcp is proven by its conformance rig, not recorded here	named gap on the golden, never owed
mcp|stdio|client|client|ping|malformed	SKIP	UNSUPPORTED: mcp is proven by its conformance rig, not recorded here	named gap on the golden, never owed
mcp|stdio|client|client|ping|ok	SKIP	UNSUPPORTED: mcp is proven by its conformance rig, not recorded here	named gap on the golden, never owed
mcp|stdio|client|client|ping|out_of_scope	SKIP	UNSUPPORTED: mcp is proven by its conformance rig, not recorded here	named gap on the golden, never owed
mcp|stdio|client|client|ping|over_budget	SKIP	UNSUPPORTED: mcp is proven by its conformance rig, not recorded here	named gap on the golden, never owed
mcp|stdio|client|client|ping|unauthenticated	SKIP	UNSUPPORTED: mcp is proven by its conformance rig, not recorded here	named gap on the golden, never owed
mcp|stdio|client|client|ping|upstream_down	SKIP	UNSUPPORTED: mcp is proven by its conformance rig, not recorded here	named gap on the golden, never owed
mcp|stdio|client|client|prompts/get|malformed	SKIP	UNSUPPORTED: mcp is proven by its conformance rig, not recorded here	named gap on the golden, never owed
mcp|stdio|client|client|prompts/get|ok	SKIP	UNSUPPORTED: mcp is proven by its conformance rig, not recorded here	named gap on the golden, never owed
mcp|stdio|client|client|prompts/get|out_of_scope	SKIP	UNSUPPORTED: mcp is proven by its conformance rig, not recorded here	named gap on the golden, never owed
mcp|stdio|client|client|prompts/get|over_budget	SKIP	UNSUPPORTED: mcp is proven by its conformance rig, not recorded here	named gap on the golden, never owed
mcp|stdio|client|client|prompts/get|unauthenticated	SKIP	UNSUPPORTED: mcp is proven by its conformance rig, not recorded here	named gap on the golden, never owed
mcp|stdio|client|client|prompts/get|upstream_down	SKIP	UNSUPPORTED: mcp is proven by its conformance rig, not recorded here	named gap on the golden, never owed
mcp|stdio|client|client|prompts/list|malformed	SKIP	UNSUPPORTED: mcp is proven by its conformance rig, not recorded here	named gap on the golden, never owed
mcp|stdio|client|client|prompts/list|ok	SKIP	UNSUPPORTED: mcp is proven by its conformance rig, not recorded here	named gap on the golden, never owed
mcp|stdio|client|client|prompts/list|out_of_scope	SKIP	UNSUPPORTED: mcp is proven by its conformance rig, not recorded here	named gap on the golden, never owed
mcp|stdio|client|client|prompts/list|over_budget	SKIP	UNSUPPORTED: mcp is proven by its conformance rig, not recorded here	named gap on the golden, never owed
mcp|stdio|client|client|prompts/list|unauthenticated	SKIP	UNSUPPORTED: mcp is proven by its conformance rig, not recorded here	named gap on the golden, never owed
mcp|stdio|client|client|prompts/list|upstream_down	SKIP	UNSUPPORTED: mcp is proven by its conformance rig, not recorded here	named gap on the golden, never owed
mcp|stdio|client|client|resources/list|malformed	SKIP	UNSUPPORTED: mcp is proven by its conformance rig, not recorded here	named gap on the golden, never owed
mcp|stdio|client|client|resources/list|ok	SKIP	UNSUPPORTED: mcp is proven by its conformance rig, not recorded here	named gap on the golden, never owed
mcp|stdio|client|client|resources/list|out_of_scope	SKIP	UNSUPPORTED: mcp is proven by its conformance rig, not recorded here	named gap on the golden, never owed
mcp|stdio|client|client|resources/list|over_budget	SKIP	UNSUPPORTED: mcp is proven by its conformance rig, not recorded here	named gap on the golden, never owed
mcp|stdio|client|client|resources/list|unauthenticated	SKIP	UNSUPPORTED: mcp is proven by its conformance rig, not recorded here	named gap on the golden, never owed
mcp|stdio|client|client|resources/list|upstream_down	SKIP	UNSUPPORTED: mcp is proven by its conformance rig, not recorded here	named gap on the golden, never owed
mcp|stdio|client|client|resources/read|malformed	SKIP	UNSUPPORTED: mcp is proven by its conformance rig, not recorded here	named gap on the golden, never owed
mcp|stdio|client|client|resources/read|ok	SKIP	UNSUPPORTED: mcp is proven by its conformance rig, not recorded here	named gap on the golden, never owed
mcp|stdio|client|client|resources/read|out_of_scope	SKIP	UNSUPPORTED: mcp is proven by its conformance rig, not recorded here	named gap on the golden, never owed
mcp|stdio|client|client|resources/read|over_budget	SKIP	UNSUPPORTED: mcp is proven by its conformance rig, not recorded here	named gap on the golden, never owed
mcp|stdio|client|client|resources/read|unauthenticated	SKIP	UNSUPPORTED: mcp is proven by its conformance rig, not recorded here	named gap on the golden, never owed
mcp|stdio|client|client|resources/read|upstream_down	SKIP	UNSUPPORTED: mcp is proven by its conformance rig, not recorded here	named gap on the golden, never owed
mcp|stdio|client|client|resources/subscribe|malformed	SKIP	UNSUPPORTED: mcp is proven by its conformance rig, not recorded here	named gap on the golden, never owed
mcp|stdio|client|client|resources/subscribe|ok	SKIP	UNSUPPORTED: mcp is proven by its conformance rig, not recorded here	named gap on the golden, never owed
mcp|stdio|client|client|resources/subscribe|out_of_scope	SKIP	UNSUPPORTED: mcp is proven by its conformance rig, not recorded here	named gap on the golden, never owed
mcp|stdio|client|client|resources/subscribe|over_budget	SKIP	UNSUPPORTED: mcp is proven by its conformance rig, not recorded here	named gap on the golden, never owed
mcp|stdio|client|client|resources/subscribe|unauthenticated	SKIP	UNSUPPORTED: mcp is proven by its conformance rig, not recorded here	named gap on the golden, never owed
mcp|stdio|client|client|resources/subscribe|upstream_down	SKIP	UNSUPPORTED: mcp is proven by its conformance rig, not recorded here	named gap on the golden, never owed
mcp|stdio|client|client|resources/templates/list|malformed	SKIP	UNSUPPORTED: mcp is proven by its conformance rig, not recorded here	named gap on the golden, never owed
mcp|stdio|client|client|resources/templates/list|ok	SKIP	UNSUPPORTED: mcp is proven by its conformance rig, not recorded here	named gap on the golden, never owed
mcp|stdio|client|client|resources/templates/list|out_of_scope	SKIP	UNSUPPORTED: mcp is proven by its conformance rig, not recorded here	named gap on the golden, never owed
mcp|stdio|client|client|resources/templates/list|over_budget	SKIP	UNSUPPORTED: mcp is proven by its conformance rig, not recorded here	named gap on the golden, never owed
mcp|stdio|client|client|resources/templates/list|unauthenticated	SKIP	UNSUPPORTED: mcp is proven by its conformance rig, not recorded here	named gap on the golden, never owed
mcp|stdio|client|client|resources/templates/list|upstream_down	SKIP	UNSUPPORTED: mcp is proven by its conformance rig, not recorded here	named gap on the golden, never owed
mcp|stdio|client|client|resources/unsubscribe|malformed	SKIP	UNSUPPORTED: mcp is proven by its conformance rig, not recorded here	named gap on the golden, never owed
mcp|stdio|client|client|resources/unsubscribe|ok	SKIP	UNSUPPORTED: mcp is proven by its conformance rig, not recorded here	named gap on the golden, never owed
mcp|stdio|client|client|resources/unsubscribe|out_of_scope	SKIP	UNSUPPORTED: mcp is proven by its conformance rig, not recorded here	named gap on the golden, never owed
mcp|stdio|client|client|resources/unsubscribe|over_budget	SKIP	UNSUPPORTED: mcp is proven by its conformance rig, not recorded here	named gap on the golden, never owed
mcp|stdio|client|client|resources/unsubscribe|unauthenticated	SKIP	UNSUPPORTED: mcp is proven by its conformance rig, not recorded here	named gap on the golden, never owed
mcp|stdio|client|client|resources/unsubscribe|upstream_down	SKIP	UNSUPPORTED: mcp is proven by its conformance rig, not recorded here	named gap on the golden, never owed
mcp|stdio|client|client|server/discover|malformed	SKIP	UNSUPPORTED: mcp is proven by its conformance rig, not recorded here	named gap on the golden, never owed
mcp|stdio|client|client|server/discover|ok	SKIP	UNSUPPORTED: mcp is proven by its conformance rig, not recorded here	named gap on the golden, never owed
mcp|stdio|client|client|server/discover|out_of_scope	SKIP	UNSUPPORTED: mcp is proven by its conformance rig, not recorded here	named gap on the golden, never owed
mcp|stdio|client|client|server/discover|over_budget	SKIP	UNSUPPORTED: mcp is proven by its conformance rig, not recorded here	named gap on the golden, never owed
mcp|stdio|client|client|server/discover|unauthenticated	SKIP	UNSUPPORTED: mcp is proven by its conformance rig, not recorded here	named gap on the golden, never owed
mcp|stdio|client|client|server/discover|upstream_down	SKIP	UNSUPPORTED: mcp is proven by its conformance rig, not recorded here	named gap on the golden, never owed
mcp|stdio|client|client|subscriptions/listen|malformed	SKIP	UNSUPPORTED: mcp is proven by its conformance rig, not recorded here	named gap on the golden, never owed
mcp|stdio|client|client|subscriptions/listen|ok	SKIP	UNSUPPORTED: mcp is proven by its conformance rig, not recorded here	named gap on the golden, never owed
mcp|stdio|client|client|subscriptions/listen|out_of_scope	SKIP	UNSUPPORTED: mcp is proven by its conformance rig, not recorded here	named gap on the golden, never owed
mcp|stdio|client|client|subscriptions/listen|over_budget	SKIP	UNSUPPORTED: mcp is proven by its conformance rig, not recorded here	named gap on the golden, never owed
mcp|stdio|client|client|subscriptions/listen|unauthenticated	SKIP	UNSUPPORTED: mcp is proven by its conformance rig, not recorded here	named gap on the golden, never owed
mcp|stdio|client|client|subscriptions/listen|upstream_down	SKIP	UNSUPPORTED: mcp is proven by its conformance rig, not recorded here	named gap on the golden, never owed
mcp|stdio|client|client|tasks/cancel|malformed	SKIP	UNSUPPORTED: mcp is proven by its conformance rig, not recorded here	named gap on the golden, never owed
mcp|stdio|client|client|tasks/cancel|ok	SKIP	UNSUPPORTED: mcp is proven by its conformance rig, not recorded here	named gap on the golden, never owed
mcp|stdio|client|client|tasks/cancel|out_of_scope	SKIP	UNSUPPORTED: mcp is proven by its conformance rig, not recorded here	named gap on the golden, never owed
mcp|stdio|client|client|tasks/cancel|over_budget	SKIP	UNSUPPORTED: mcp is proven by its conformance rig, not recorded here	named gap on the golden, never owed
mcp|stdio|client|client|tasks/cancel|unauthenticated	SKIP	UNSUPPORTED: mcp is proven by its conformance rig, not recorded here	named gap on the golden, never owed
mcp|stdio|client|client|tasks/cancel|upstream_down	SKIP	UNSUPPORTED: mcp is proven by its conformance rig, not recorded here	named gap on the golden, never owed
mcp|stdio|client|client|tasks/get|malformed	SKIP	UNSUPPORTED: mcp is proven by its conformance rig, not recorded here	named gap on the golden, never owed
mcp|stdio|client|client|tasks/get|ok	SKIP	UNSUPPORTED: mcp is proven by its conformance rig, not recorded here	named gap on the golden, never owed
mcp|stdio|client|client|tasks/get|out_of_scope	SKIP	UNSUPPORTED: mcp is proven by its conformance rig, not recorded here	named gap on the golden, never owed
mcp|stdio|client|client|tasks/get|over_budget	SKIP	UNSUPPORTED: mcp is proven by its conformance rig, not recorded here	named gap on the golden, never owed
mcp|stdio|client|client|tasks/get|unauthenticated	SKIP	UNSUPPORTED: mcp is proven by its conformance rig, not recorded here	named gap on the golden, never owed
mcp|stdio|client|client|tasks/get|upstream_down	SKIP	UNSUPPORTED: mcp is proven by its conformance rig, not recorded here	named gap on the golden, never owed
mcp|stdio|client|client|tasks/update|malformed	SKIP	UNSUPPORTED: mcp is proven by its conformance rig, not recorded here	named gap on the golden, never owed
mcp|stdio|client|client|tasks/update|ok	SKIP	UNSUPPORTED: mcp is proven by its conformance rig, not recorded here	named gap on the golden, never owed
mcp|stdio|client|client|tasks/update|out_of_scope	SKIP	UNSUPPORTED: mcp is proven by its conformance rig, not recorded here	named gap on the golden, never owed
mcp|stdio|client|client|tasks/update|over_budget	SKIP	UNSUPPORTED: mcp is proven by its conformance rig, not recorded here	named gap on the golden, never owed
mcp|stdio|client|client|tasks/update|unauthenticated	SKIP	UNSUPPORTED: mcp is proven by its conformance rig, not recorded here	named gap on the golden, never owed
mcp|stdio|client|client|tasks/update|upstream_down	SKIP	UNSUPPORTED: mcp is proven by its conformance rig, not recorded here	named gap on the golden, never owed
mcp|stdio|client|client|tools/call|malformed	SKIP	UNSUPPORTED: mcp is proven by its conformance rig, not recorded here	named gap on the golden, never owed
mcp|stdio|client|client|tools/call|ok	SKIP	UNSUPPORTED: mcp is proven by its conformance rig, not recorded here	named gap on the golden, never owed
mcp|stdio|client|client|tools/call|out_of_scope	SKIP	UNSUPPORTED: mcp is proven by its conformance rig, not recorded here	named gap on the golden, never owed
mcp|stdio|client|client|tools/call|over_budget	SKIP	UNSUPPORTED: mcp is proven by its conformance rig, not recorded here	named gap on the golden, never owed
mcp|stdio|client|client|tools/call|unauthenticated	SKIP	UNSUPPORTED: mcp is proven by its conformance rig, not recorded here	named gap on the golden, never owed
mcp|stdio|client|client|tools/call|upstream_down	SKIP	UNSUPPORTED: mcp is proven by its conformance rig, not recorded here	named gap on the golden, never owed
mcp|stdio|client|client|tools/list|malformed	SKIP	UNSUPPORTED: mcp is proven by its conformance rig, not recorded here	named gap on the golden, never owed
mcp|stdio|client|client|tools/list|ok	SKIP	UNSUPPORTED: mcp is proven by its conformance rig, not recorded here	named gap on the golden, never owed
mcp|stdio|client|client|tools/list|out_of_scope	SKIP	UNSUPPORTED: mcp is proven by its conformance rig, not recorded here	named gap on the golden, never owed
mcp|stdio|client|client|tools/list|over_budget	SKIP	UNSUPPORTED: mcp is proven by its conformance rig, not recorded here	named gap on the golden, never owed
mcp|stdio|client|client|tools/list|unauthenticated	SKIP	UNSUPPORTED: mcp is proven by its conformance rig, not recorded here	named gap on the golden, never owed
mcp|stdio|client|client|tools/list|upstream_down	SKIP	UNSUPPORTED: mcp is proven by its conformance rig, not recorded here	named gap on the golden, never owed
mcp|stdio|client|server|elicitation/create|malformed	SKIP	UNSUPPORTED: mcp is proven by its conformance rig, not recorded here	named gap on the golden, never owed
mcp|stdio|client|server|elicitation/create|ok	SKIP	UNSUPPORTED: mcp is proven by its conformance rig, not recorded here	named gap on the golden, never owed
mcp|stdio|client|server|elicitation/create|out_of_scope	SKIP	UNSUPPORTED: mcp is proven by its conformance rig, not recorded here	named gap on the golden, never owed
mcp|stdio|client|server|elicitation/create|over_budget	SKIP	UNSUPPORTED: mcp is proven by its conformance rig, not recorded here	named gap on the golden, never owed
mcp|stdio|client|server|elicitation/create|unauthenticated	SKIP	UNSUPPORTED: mcp is proven by its conformance rig, not recorded here	named gap on the golden, never owed
mcp|stdio|client|server|elicitation/create|upstream_down	SKIP	UNSUPPORTED: mcp is proven by its conformance rig, not recorded here	named gap on the golden, never owed
mcp|stdio|client|server|notifications/cancelled|malformed	SKIP	UNSUPPORTED: mcp is proven by its conformance rig, not recorded here	named gap on the golden, never owed
mcp|stdio|client|server|notifications/cancelled|ok	SKIP	UNSUPPORTED: mcp is proven by its conformance rig, not recorded here	named gap on the golden, never owed
mcp|stdio|client|server|notifications/cancelled|out_of_scope	SKIP	UNSUPPORTED: mcp is proven by its conformance rig, not recorded here	named gap on the golden, never owed
mcp|stdio|client|server|notifications/cancelled|over_budget	SKIP	UNSUPPORTED: mcp is proven by its conformance rig, not recorded here	named gap on the golden, never owed
mcp|stdio|client|server|notifications/cancelled|unauthenticated	SKIP	UNSUPPORTED: mcp is proven by its conformance rig, not recorded here	named gap on the golden, never owed
mcp|stdio|client|server|notifications/cancelled|upstream_down	SKIP	UNSUPPORTED: mcp is proven by its conformance rig, not recorded here	named gap on the golden, never owed
mcp|stdio|client|server|notifications/message|malformed	SKIP	UNSUPPORTED: mcp is proven by its conformance rig, not recorded here	named gap on the golden, never owed
mcp|stdio|client|server|notifications/message|ok	SKIP	UNSUPPORTED: mcp is proven by its conformance rig, not recorded here	named gap on the golden, never owed
mcp|stdio|client|server|notifications/message|out_of_scope	SKIP	UNSUPPORTED: mcp is proven by its conformance rig, not recorded here	named gap on the golden, never owed
mcp|stdio|client|server|notifications/message|over_budget	SKIP	UNSUPPORTED: mcp is proven by its conformance rig, not recorded here	named gap on the golden, never owed
mcp|stdio|client|server|notifications/message|unauthenticated	SKIP	UNSUPPORTED: mcp is proven by its conformance rig, not recorded here	named gap on the golden, never owed
mcp|stdio|client|server|notifications/message|upstream_down	SKIP	UNSUPPORTED: mcp is proven by its conformance rig, not recorded here	named gap on the golden, never owed
mcp|stdio|client|server|notifications/progress|malformed	SKIP	UNSUPPORTED: mcp is proven by its conformance rig, not recorded here	named gap on the golden, never owed
mcp|stdio|client|server|notifications/progress|ok	SKIP	UNSUPPORTED: mcp is proven by its conformance rig, not recorded here	named gap on the golden, never owed
mcp|stdio|client|server|notifications/progress|out_of_scope	SKIP	UNSUPPORTED: mcp is proven by its conformance rig, not recorded here	named gap on the golden, never owed
mcp|stdio|client|server|notifications/progress|over_budget	SKIP	UNSUPPORTED: mcp is proven by its conformance rig, not recorded here	named gap on the golden, never owed
mcp|stdio|client|server|notifications/progress|unauthenticated	SKIP	UNSUPPORTED: mcp is proven by its conformance rig, not recorded here	named gap on the golden, never owed
mcp|stdio|client|server|notifications/progress|upstream_down	SKIP	UNSUPPORTED: mcp is proven by its conformance rig, not recorded here	named gap on the golden, never owed
mcp|stdio|client|server|notifications/prompts/list_changed|malformed	SKIP	UNSUPPORTED: mcp is proven by its conformance rig, not recorded here	named gap on the golden, never owed
mcp|stdio|client|server|notifications/prompts/list_changed|ok	SKIP	UNSUPPORTED: mcp is proven by its conformance rig, not recorded here	named gap on the golden, never owed
mcp|stdio|client|server|notifications/prompts/list_changed|out_of_scope	SKIP	UNSUPPORTED: mcp is proven by its conformance rig, not recorded here	named gap on the golden, never owed
mcp|stdio|client|server|notifications/prompts/list_changed|over_budget	SKIP	UNSUPPORTED: mcp is proven by its conformance rig, not recorded here	named gap on the golden, never owed
mcp|stdio|client|server|notifications/prompts/list_changed|unauthenticated	SKIP	UNSUPPORTED: mcp is proven by its conformance rig, not recorded here	named gap on the golden, never owed
mcp|stdio|client|server|notifications/prompts/list_changed|upstream_down	SKIP	UNSUPPORTED: mcp is proven by its conformance rig, not recorded here	named gap on the golden, never owed
mcp|stdio|client|server|notifications/resources/list_changed|malformed	SKIP	UNSUPPORTED: mcp is proven by its conformance rig, not recorded here	named gap on the golden, never owed
mcp|stdio|client|server|notifications/resources/list_changed|ok	SKIP	UNSUPPORTED: mcp is proven by its conformance rig, not recorded here	named gap on the golden, never owed
mcp|stdio|client|server|notifications/resources/list_changed|out_of_scope	SKIP	UNSUPPORTED: mcp is proven by its conformance rig, not recorded here	named gap on the golden, never owed
mcp|stdio|client|server|notifications/resources/list_changed|over_budget	SKIP	UNSUPPORTED: mcp is proven by its conformance rig, not recorded here	named gap on the golden, never owed
mcp|stdio|client|server|notifications/resources/list_changed|unauthenticated	SKIP	UNSUPPORTED: mcp is proven by its conformance rig, not recorded here	named gap on the golden, never owed
mcp|stdio|client|server|notifications/resources/list_changed|upstream_down	SKIP	UNSUPPORTED: mcp is proven by its conformance rig, not recorded here	named gap on the golden, never owed
mcp|stdio|client|server|notifications/resources/updated|malformed	SKIP	UNSUPPORTED: mcp is proven by its conformance rig, not recorded here	named gap on the golden, never owed
mcp|stdio|client|server|notifications/resources/updated|ok	SKIP	UNSUPPORTED: mcp is proven by its conformance rig, not recorded here	named gap on the golden, never owed
mcp|stdio|client|server|notifications/resources/updated|out_of_scope	SKIP	UNSUPPORTED: mcp is proven by its conformance rig, not recorded here	named gap on the golden, never owed
mcp|stdio|client|server|notifications/resources/updated|over_budget	SKIP	UNSUPPORTED: mcp is proven by its conformance rig, not recorded here	named gap on the golden, never owed
mcp|stdio|client|server|notifications/resources/updated|unauthenticated	SKIP	UNSUPPORTED: mcp is proven by its conformance rig, not recorded here	named gap on the golden, never owed
mcp|stdio|client|server|notifications/resources/updated|upstream_down	SKIP	UNSUPPORTED: mcp is proven by its conformance rig, not recorded here	named gap on the golden, never owed
mcp|stdio|client|server|notifications/subscriptions/acknowledged|malformed	SKIP	UNSUPPORTED: mcp is proven by its conformance rig, not recorded here	named gap on the golden, never owed
mcp|stdio|client|server|notifications/subscriptions/acknowledged|ok	SKIP	UNSUPPORTED: mcp is proven by its conformance rig, not recorded here	named gap on the golden, never owed
mcp|stdio|client|server|notifications/subscriptions/acknowledged|out_of_scope	SKIP	UNSUPPORTED: mcp is proven by its conformance rig, not recorded here	named gap on the golden, never owed
mcp|stdio|client|server|notifications/subscriptions/acknowledged|over_budget	SKIP	UNSUPPORTED: mcp is proven by its conformance rig, not recorded here	named gap on the golden, never owed
mcp|stdio|client|server|notifications/subscriptions/acknowledged|unauthenticated	SKIP	UNSUPPORTED: mcp is proven by its conformance rig, not recorded here	named gap on the golden, never owed
mcp|stdio|client|server|notifications/subscriptions/acknowledged|upstream_down	SKIP	UNSUPPORTED: mcp is proven by its conformance rig, not recorded here	named gap on the golden, never owed
mcp|stdio|client|server|notifications/tasks|malformed	SKIP	UNSUPPORTED: mcp is proven by its conformance rig, not recorded here	named gap on the golden, never owed
mcp|stdio|client|server|notifications/tasks|ok	SKIP	UNSUPPORTED: mcp is proven by its conformance rig, not recorded here	named gap on the golden, never owed
mcp|stdio|client|server|notifications/tasks|out_of_scope	SKIP	UNSUPPORTED: mcp is proven by its conformance rig, not recorded here	named gap on the golden, never owed
mcp|stdio|client|server|notifications/tasks|over_budget	SKIP	UNSUPPORTED: mcp is proven by its conformance rig, not recorded here	named gap on the golden, never owed
mcp|stdio|client|server|notifications/tasks|unauthenticated	SKIP	UNSUPPORTED: mcp is proven by its conformance rig, not recorded here	named gap on the golden, never owed
mcp|stdio|client|server|notifications/tasks|upstream_down	SKIP	UNSUPPORTED: mcp is proven by its conformance rig, not recorded here	named gap on the golden, never owed
mcp|stdio|client|server|notifications/tools/list_changed|malformed	SKIP	UNSUPPORTED: mcp is proven by its conformance rig, not recorded here	named gap on the golden, never owed
mcp|stdio|client|server|notifications/tools/list_changed|ok	SKIP	UNSUPPORTED: mcp is proven by its conformance rig, not recorded here	named gap on the golden, never owed
mcp|stdio|client|server|notifications/tools/list_changed|out_of_scope	SKIP	UNSUPPORTED: mcp is proven by its conformance rig, not recorded here	named gap on the golden, never owed
mcp|stdio|client|server|notifications/tools/list_changed|over_budget	SKIP	UNSUPPORTED: mcp is proven by its conformance rig, not recorded here	named gap on the golden, never owed
mcp|stdio|client|server|notifications/tools/list_changed|unauthenticated	SKIP	UNSUPPORTED: mcp is proven by its conformance rig, not recorded here	named gap on the golden, never owed
mcp|stdio|client|server|notifications/tools/list_changed|upstream_down	SKIP	UNSUPPORTED: mcp is proven by its conformance rig, not recorded here	named gap on the golden, never owed
mcp|stdio|client|server|ping|malformed	SKIP	UNSUPPORTED: mcp is proven by its conformance rig, not recorded here	named gap on the golden, never owed
mcp|stdio|client|server|ping|ok	SKIP	UNSUPPORTED: mcp is proven by its conformance rig, not recorded here	named gap on the golden, never owed
mcp|stdio|client|server|ping|out_of_scope	SKIP	UNSUPPORTED: mcp is proven by its conformance rig, not recorded here	named gap on the golden, never owed
mcp|stdio|client|server|ping|over_budget	SKIP	UNSUPPORTED: mcp is proven by its conformance rig, not recorded here	named gap on the golden, never owed
mcp|stdio|client|server|ping|unauthenticated	SKIP	UNSUPPORTED: mcp is proven by its conformance rig, not recorded here	named gap on the golden, never owed
mcp|stdio|client|server|ping|upstream_down	SKIP	UNSUPPORTED: mcp is proven by its conformance rig, not recorded here	named gap on the golden, never owed
mcp|stdio|client|server|roots/list|malformed	SKIP	UNSUPPORTED: mcp is proven by its conformance rig, not recorded here	named gap on the golden, never owed
mcp|stdio|client|server|roots/list|ok	SKIP	UNSUPPORTED: mcp is proven by its conformance rig, not recorded here	named gap on the golden, never owed
mcp|stdio|client|server|roots/list|out_of_scope	SKIP	UNSUPPORTED: mcp is proven by its conformance rig, not recorded here	named gap on the golden, never owed
mcp|stdio|client|server|roots/list|over_budget	SKIP	UNSUPPORTED: mcp is proven by its conformance rig, not recorded here	named gap on the golden, never owed
mcp|stdio|client|server|roots/list|unauthenticated	SKIP	UNSUPPORTED: mcp is proven by its conformance rig, not recorded here	named gap on the golden, never owed
mcp|stdio|client|server|roots/list|upstream_down	SKIP	UNSUPPORTED: mcp is proven by its conformance rig, not recorded here	named gap on the golden, never owed
mcp|stdio|client|server|sampling/createMessage|malformed	SKIP	UNSUPPORTED: mcp is proven by its conformance rig, not recorded here	named gap on the golden, never owed
mcp|stdio|client|server|sampling/createMessage|ok	SKIP	UNSUPPORTED: mcp is proven by its conformance rig, not recorded here	named gap on the golden, never owed
mcp|stdio|client|server|sampling/createMessage|out_of_scope	SKIP	UNSUPPORTED: mcp is proven by its conformance rig, not recorded here	named gap on the golden, never owed
mcp|stdio|client|server|sampling/createMessage|over_budget	SKIP	UNSUPPORTED: mcp is proven by its conformance rig, not recorded here	named gap on the golden, never owed
mcp|stdio|client|server|sampling/createMessage|unauthenticated	SKIP	UNSUPPORTED: mcp is proven by its conformance rig, not recorded here	named gap on the golden, never owed
mcp|stdio|client|server|sampling/createMessage|upstream_down	SKIP	UNSUPPORTED: mcp is proven by its conformance rig, not recorded here	named gap on the golden, never owed
mcp|stdio|server|client|DELETE /mcp (terminate session)|malformed	SKIP	UNSUPPORTED: mcp is proven by its conformance rig, not recorded here	named gap on the golden, never owed
mcp|stdio|server|client|DELETE /mcp (terminate session)|ok	SKIP	UNSUPPORTED: mcp is proven by its conformance rig, not recorded here	named gap on the golden, never owed
mcp|stdio|server|client|DELETE /mcp (terminate session)|out_of_scope	SKIP	UNSUPPORTED: mcp is proven by its conformance rig, not recorded here	named gap on the golden, never owed
mcp|stdio|server|client|DELETE /mcp (terminate session)|over_budget	SKIP	UNSUPPORTED: mcp is proven by its conformance rig, not recorded here	named gap on the golden, never owed
mcp|stdio|server|client|DELETE /mcp (terminate session)|unauthenticated	SKIP	UNSUPPORTED: mcp is proven by its conformance rig, not recorded here	named gap on the golden, never owed
mcp|stdio|server|client|DELETE /mcp (terminate session)|upstream_down	SKIP	UNSUPPORTED: mcp is proven by its conformance rig, not recorded here	named gap on the golden, never owed
mcp|stdio|server|client|GET /mcp (open SSE stream)|malformed	SKIP	UNSUPPORTED: mcp is proven by its conformance rig, not recorded here	named gap on the golden, never owed
mcp|stdio|server|client|GET /mcp (open SSE stream)|ok	SKIP	UNSUPPORTED: mcp is proven by its conformance rig, not recorded here	named gap on the golden, never owed
mcp|stdio|server|client|GET /mcp (open SSE stream)|out_of_scope	SKIP	UNSUPPORTED: mcp is proven by its conformance rig, not recorded here	named gap on the golden, never owed
mcp|stdio|server|client|GET /mcp (open SSE stream)|over_budget	SKIP	UNSUPPORTED: mcp is proven by its conformance rig, not recorded here	named gap on the golden, never owed
mcp|stdio|server|client|GET /mcp (open SSE stream)|unauthenticated	SKIP	UNSUPPORTED: mcp is proven by its conformance rig, not recorded here	named gap on the golden, never owed
mcp|stdio|server|client|GET /mcp (open SSE stream)|upstream_down	SKIP	UNSUPPORTED: mcp is proven by its conformance rig, not recorded here	named gap on the golden, never owed
mcp|stdio|server|client|completion/complete|malformed	SKIP	UNSUPPORTED: mcp is proven by its conformance rig, not recorded here	named gap on the golden, never owed
mcp|stdio|server|client|completion/complete|ok	SKIP	UNSUPPORTED: mcp is proven by its conformance rig, not recorded here	named gap on the golden, never owed
mcp|stdio|server|client|completion/complete|out_of_scope	SKIP	UNSUPPORTED: mcp is proven by its conformance rig, not recorded here	named gap on the golden, never owed
mcp|stdio|server|client|completion/complete|over_budget	SKIP	UNSUPPORTED: mcp is proven by its conformance rig, not recorded here	named gap on the golden, never owed
mcp|stdio|server|client|completion/complete|unauthenticated	SKIP	UNSUPPORTED: mcp is proven by its conformance rig, not recorded here	named gap on the golden, never owed
mcp|stdio|server|client|completion/complete|upstream_down	SKIP	UNSUPPORTED: mcp is proven by its conformance rig, not recorded here	named gap on the golden, never owed
mcp|stdio|server|client|initialize|malformed	SKIP	UNSUPPORTED: mcp is proven by its conformance rig, not recorded here	named gap on the golden, never owed
mcp|stdio|server|client|initialize|ok	SKIP	UNSUPPORTED: mcp is proven by its conformance rig, not recorded here	named gap on the golden, never owed
mcp|stdio|server|client|initialize|out_of_scope	SKIP	UNSUPPORTED: mcp is proven by its conformance rig, not recorded here	named gap on the golden, never owed
mcp|stdio|server|client|initialize|over_budget	SKIP	UNSUPPORTED: mcp is proven by its conformance rig, not recorded here	named gap on the golden, never owed
mcp|stdio|server|client|initialize|unauthenticated	SKIP	UNSUPPORTED: mcp is proven by its conformance rig, not recorded here	named gap on the golden, never owed
mcp|stdio|server|client|initialize|upstream_down	SKIP	UNSUPPORTED: mcp is proven by its conformance rig, not recorded here	named gap on the golden, never owed
mcp|stdio|server|client|logging/setLevel|malformed	SKIP	UNSUPPORTED: mcp is proven by its conformance rig, not recorded here	named gap on the golden, never owed
mcp|stdio|server|client|logging/setLevel|ok	SKIP	UNSUPPORTED: mcp is proven by its conformance rig, not recorded here	named gap on the golden, never owed
mcp|stdio|server|client|logging/setLevel|out_of_scope	SKIP	UNSUPPORTED: mcp is proven by its conformance rig, not recorded here	named gap on the golden, never owed
mcp|stdio|server|client|logging/setLevel|over_budget	SKIP	UNSUPPORTED: mcp is proven by its conformance rig, not recorded here	named gap on the golden, never owed
mcp|stdio|server|client|logging/setLevel|unauthenticated	SKIP	UNSUPPORTED: mcp is proven by its conformance rig, not recorded here	named gap on the golden, never owed
mcp|stdio|server|client|logging/setLevel|upstream_down	SKIP	UNSUPPORTED: mcp is proven by its conformance rig, not recorded here	named gap on the golden, never owed
mcp|stdio|server|client|notifications/cancelled|malformed	SKIP	UNSUPPORTED: mcp is proven by its conformance rig, not recorded here	named gap on the golden, never owed
mcp|stdio|server|client|notifications/cancelled|ok	SKIP	UNSUPPORTED: mcp is proven by its conformance rig, not recorded here	named gap on the golden, never owed
mcp|stdio|server|client|notifications/cancelled|out_of_scope	SKIP	UNSUPPORTED: mcp is proven by its conformance rig, not recorded here	named gap on the golden, never owed
mcp|stdio|server|client|notifications/cancelled|over_budget	SKIP	UNSUPPORTED: mcp is proven by its conformance rig, not recorded here	named gap on the golden, never owed
mcp|stdio|server|client|notifications/cancelled|unauthenticated	SKIP	UNSUPPORTED: mcp is proven by its conformance rig, not recorded here	named gap on the golden, never owed
mcp|stdio|server|client|notifications/cancelled|upstream_down	SKIP	UNSUPPORTED: mcp is proven by its conformance rig, not recorded here	named gap on the golden, never owed
mcp|stdio|server|client|notifications/elicitation/response|malformed	SKIP	UNSUPPORTED: mcp is proven by its conformance rig, not recorded here	named gap on the golden, never owed
mcp|stdio|server|client|notifications/elicitation/response|ok	SKIP	UNSUPPORTED: mcp is proven by its conformance rig, not recorded here	named gap on the golden, never owed
mcp|stdio|server|client|notifications/elicitation/response|out_of_scope	SKIP	UNSUPPORTED: mcp is proven by its conformance rig, not recorded here	named gap on the golden, never owed
mcp|stdio|server|client|notifications/elicitation/response|over_budget	SKIP	UNSUPPORTED: mcp is proven by its conformance rig, not recorded here	named gap on the golden, never owed
mcp|stdio|server|client|notifications/elicitation/response|unauthenticated	SKIP	UNSUPPORTED: mcp is proven by its conformance rig, not recorded here	named gap on the golden, never owed
mcp|stdio|server|client|notifications/elicitation/response|upstream_down	SKIP	UNSUPPORTED: mcp is proven by its conformance rig, not recorded here	named gap on the golden, never owed
mcp|stdio|server|client|notifications/initialized|malformed	SKIP	UNSUPPORTED: mcp is proven by its conformance rig, not recorded here	named gap on the golden, never owed
mcp|stdio|server|client|notifications/initialized|ok	SKIP	UNSUPPORTED: mcp is proven by its conformance rig, not recorded here	named gap on the golden, never owed
mcp|stdio|server|client|notifications/initialized|out_of_scope	SKIP	UNSUPPORTED: mcp is proven by its conformance rig, not recorded here	named gap on the golden, never owed
mcp|stdio|server|client|notifications/initialized|over_budget	SKIP	UNSUPPORTED: mcp is proven by its conformance rig, not recorded here	named gap on the golden, never owed
mcp|stdio|server|client|notifications/initialized|unauthenticated	SKIP	UNSUPPORTED: mcp is proven by its conformance rig, not recorded here	named gap on the golden, never owed
mcp|stdio|server|client|notifications/initialized|upstream_down	SKIP	UNSUPPORTED: mcp is proven by its conformance rig, not recorded here	named gap on the golden, never owed
mcp|stdio|server|client|notifications/progress|malformed	SKIP	UNSUPPORTED: mcp is proven by its conformance rig, not recorded here	named gap on the golden, never owed
mcp|stdio|server|client|notifications/progress|ok	SKIP	UNSUPPORTED: mcp is proven by its conformance rig, not recorded here	named gap on the golden, never owed
mcp|stdio|server|client|notifications/progress|out_of_scope	SKIP	UNSUPPORTED: mcp is proven by its conformance rig, not recorded here	named gap on the golden, never owed
mcp|stdio|server|client|notifications/progress|over_budget	SKIP	UNSUPPORTED: mcp is proven by its conformance rig, not recorded here	named gap on the golden, never owed
mcp|stdio|server|client|notifications/progress|unauthenticated	SKIP	UNSUPPORTED: mcp is proven by its conformance rig, not recorded here	named gap on the golden, never owed
mcp|stdio|server|client|notifications/progress|upstream_down	SKIP	UNSUPPORTED: mcp is proven by its conformance rig, not recorded here	named gap on the golden, never owed
mcp|stdio|server|client|notifications/roots/list_changed|malformed	SKIP	UNSUPPORTED: mcp is proven by its conformance rig, not recorded here	named gap on the golden, never owed
mcp|stdio|server|client|notifications/roots/list_changed|ok	SKIP	UNSUPPORTED: mcp is proven by its conformance rig, not recorded here	named gap on the golden, never owed
mcp|stdio|server|client|notifications/roots/list_changed|out_of_scope	SKIP	UNSUPPORTED: mcp is proven by its conformance rig, not recorded here	named gap on the golden, never owed
mcp|stdio|server|client|notifications/roots/list_changed|over_budget	SKIP	UNSUPPORTED: mcp is proven by its conformance rig, not recorded here	named gap on the golden, never owed
mcp|stdio|server|client|notifications/roots/list_changed|unauthenticated	SKIP	UNSUPPORTED: mcp is proven by its conformance rig, not recorded here	named gap on the golden, never owed
mcp|stdio|server|client|notifications/roots/list_changed|upstream_down	SKIP	UNSUPPORTED: mcp is proven by its conformance rig, not recorded here	named gap on the golden, never owed
mcp|stdio|server|client|ping|malformed	SKIP	UNSUPPORTED: mcp is proven by its conformance rig, not recorded here	named gap on the golden, never owed
mcp|stdio|server|client|ping|ok	SKIP	UNSUPPORTED: mcp is proven by its conformance rig, not recorded here	named gap on the golden, never owed
mcp|stdio|server|client|ping|out_of_scope	SKIP	UNSUPPORTED: mcp is proven by its conformance rig, not recorded here	named gap on the golden, never owed
mcp|stdio|server|client|ping|over_budget	SKIP	UNSUPPORTED: mcp is proven by its conformance rig, not recorded here	named gap on the golden, never owed
mcp|stdio|server|client|ping|unauthenticated	SKIP	UNSUPPORTED: mcp is proven by its conformance rig, not recorded here	named gap on the golden, never owed
mcp|stdio|server|client|ping|upstream_down	SKIP	UNSUPPORTED: mcp is proven by its conformance rig, not recorded here	named gap on the golden, never owed
mcp|stdio|server|client|prompts/get|malformed	SKIP	UNSUPPORTED: mcp is proven by its conformance rig, not recorded here	named gap on the golden, never owed
mcp|stdio|server|client|prompts/get|ok	SKIP	UNSUPPORTED: mcp is proven by its conformance rig, not recorded here	named gap on the golden, never owed
mcp|stdio|server|client|prompts/get|out_of_scope	SKIP	UNSUPPORTED: mcp is proven by its conformance rig, not recorded here	named gap on the golden, never owed
mcp|stdio|server|client|prompts/get|over_budget	SKIP	UNSUPPORTED: mcp is proven by its conformance rig, not recorded here	named gap on the golden, never owed
mcp|stdio|server|client|prompts/get|unauthenticated	SKIP	UNSUPPORTED: mcp is proven by its conformance rig, not recorded here	named gap on the golden, never owed
mcp|stdio|server|client|prompts/get|upstream_down	SKIP	UNSUPPORTED: mcp is proven by its conformance rig, not recorded here	named gap on the golden, never owed
mcp|stdio|server|client|prompts/list|malformed	SKIP	UNSUPPORTED: mcp is proven by its conformance rig, not recorded here	named gap on the golden, never owed
mcp|stdio|server|client|prompts/list|ok	SKIP	UNSUPPORTED: mcp is proven by its conformance rig, not recorded here	named gap on the golden, never owed
mcp|stdio|server|client|prompts/list|out_of_scope	SKIP	UNSUPPORTED: mcp is proven by its conformance rig, not recorded here	named gap on the golden, never owed
mcp|stdio|server|client|prompts/list|over_budget	SKIP	UNSUPPORTED: mcp is proven by its conformance rig, not recorded here	named gap on the golden, never owed
mcp|stdio|server|client|prompts/list|unauthenticated	SKIP	UNSUPPORTED: mcp is proven by its conformance rig, not recorded here	named gap on the golden, never owed
mcp|stdio|server|client|prompts/list|upstream_down	SKIP	UNSUPPORTED: mcp is proven by its conformance rig, not recorded here	named gap on the golden, never owed
mcp|stdio|server|client|resources/list|malformed	SKIP	UNSUPPORTED: mcp is proven by its conformance rig, not recorded here	named gap on the golden, never owed
mcp|stdio|server|client|resources/list|ok	SKIP	UNSUPPORTED: mcp is proven by its conformance rig, not recorded here	named gap on the golden, never owed
mcp|stdio|server|client|resources/list|out_of_scope	SKIP	UNSUPPORTED: mcp is proven by its conformance rig, not recorded here	named gap on the golden, never owed
mcp|stdio|server|client|resources/list|over_budget	SKIP	UNSUPPORTED: mcp is proven by its conformance rig, not recorded here	named gap on the golden, never owed
mcp|stdio|server|client|resources/list|unauthenticated	SKIP	UNSUPPORTED: mcp is proven by its conformance rig, not recorded here	named gap on the golden, never owed
mcp|stdio|server|client|resources/list|upstream_down	SKIP	UNSUPPORTED: mcp is proven by its conformance rig, not recorded here	named gap on the golden, never owed
mcp|stdio|server|client|resources/read|malformed	SKIP	UNSUPPORTED: mcp is proven by its conformance rig, not recorded here	named gap on the golden, never owed
mcp|stdio|server|client|resources/read|ok	SKIP	UNSUPPORTED: mcp is proven by its conformance rig, not recorded here	named gap on the golden, never owed
mcp|stdio|server|client|resources/read|out_of_scope	SKIP	UNSUPPORTED: mcp is proven by its conformance rig, not recorded here	named gap on the golden, never owed
mcp|stdio|server|client|resources/read|over_budget	SKIP	UNSUPPORTED: mcp is proven by its conformance rig, not recorded here	named gap on the golden, never owed
mcp|stdio|server|client|resources/read|unauthenticated	SKIP	UNSUPPORTED: mcp is proven by its conformance rig, not recorded here	named gap on the golden, never owed
mcp|stdio|server|client|resources/read|upstream_down	SKIP	UNSUPPORTED: mcp is proven by its conformance rig, not recorded here	named gap on the golden, never owed
mcp|stdio|server|client|resources/subscribe|malformed	SKIP	UNSUPPORTED: mcp is proven by its conformance rig, not recorded here	named gap on the golden, never owed
mcp|stdio|server|client|resources/subscribe|ok	SKIP	UNSUPPORTED: mcp is proven by its conformance rig, not recorded here	named gap on the golden, never owed
mcp|stdio|server|client|resources/subscribe|out_of_scope	SKIP	UNSUPPORTED: mcp is proven by its conformance rig, not recorded here	named gap on the golden, never owed
mcp|stdio|server|client|resources/subscribe|over_budget	SKIP	UNSUPPORTED: mcp is proven by its conformance rig, not recorded here	named gap on the golden, never owed
mcp|stdio|server|client|resources/subscribe|unauthenticated	SKIP	UNSUPPORTED: mcp is proven by its conformance rig, not recorded here	named gap on the golden, never owed
mcp|stdio|server|client|resources/subscribe|upstream_down	SKIP	UNSUPPORTED: mcp is proven by its conformance rig, not recorded here	named gap on the golden, never owed
mcp|stdio|server|client|resources/templates/list|malformed	SKIP	UNSUPPORTED: mcp is proven by its conformance rig, not recorded here	named gap on the golden, never owed
mcp|stdio|server|client|resources/templates/list|ok	SKIP	UNSUPPORTED: mcp is proven by its conformance rig, not recorded here	named gap on the golden, never owed
mcp|stdio|server|client|resources/templates/list|out_of_scope	SKIP	UNSUPPORTED: mcp is proven by its conformance rig, not recorded here	named gap on the golden, never owed
mcp|stdio|server|client|resources/templates/list|over_budget	SKIP	UNSUPPORTED: mcp is proven by its conformance rig, not recorded here	named gap on the golden, never owed
mcp|stdio|server|client|resources/templates/list|unauthenticated	SKIP	UNSUPPORTED: mcp is proven by its conformance rig, not recorded here	named gap on the golden, never owed
mcp|stdio|server|client|resources/templates/list|upstream_down	SKIP	UNSUPPORTED: mcp is proven by its conformance rig, not recorded here	named gap on the golden, never owed
mcp|stdio|server|client|resources/unsubscribe|malformed	SKIP	UNSUPPORTED: mcp is proven by its conformance rig, not recorded here	named gap on the golden, never owed
mcp|stdio|server|client|resources/unsubscribe|ok	SKIP	UNSUPPORTED: mcp is proven by its conformance rig, not recorded here	named gap on the golden, never owed
mcp|stdio|server|client|resources/unsubscribe|out_of_scope	SKIP	UNSUPPORTED: mcp is proven by its conformance rig, not recorded here	named gap on the golden, never owed
mcp|stdio|server|client|resources/unsubscribe|over_budget	SKIP	UNSUPPORTED: mcp is proven by its conformance rig, not recorded here	named gap on the golden, never owed
mcp|stdio|server|client|resources/unsubscribe|unauthenticated	SKIP	UNSUPPORTED: mcp is proven by its conformance rig, not recorded here	named gap on the golden, never owed
mcp|stdio|server|client|resources/unsubscribe|upstream_down	SKIP	UNSUPPORTED: mcp is proven by its conformance rig, not recorded here	named gap on the golden, never owed
mcp|stdio|server|client|server/discover|malformed	SKIP	UNSUPPORTED: mcp is proven by its conformance rig, not recorded here	named gap on the golden, never owed
mcp|stdio|server|client|server/discover|ok	SKIP	UNSUPPORTED: mcp is proven by its conformance rig, not recorded here	named gap on the golden, never owed
mcp|stdio|server|client|server/discover|out_of_scope	SKIP	UNSUPPORTED: mcp is proven by its conformance rig, not recorded here	named gap on the golden, never owed
mcp|stdio|server|client|server/discover|over_budget	SKIP	UNSUPPORTED: mcp is proven by its conformance rig, not recorded here	named gap on the golden, never owed
mcp|stdio|server|client|server/discover|unauthenticated	SKIP	UNSUPPORTED: mcp is proven by its conformance rig, not recorded here	named gap on the golden, never owed
mcp|stdio|server|client|server/discover|upstream_down	SKIP	UNSUPPORTED: mcp is proven by its conformance rig, not recorded here	named gap on the golden, never owed
mcp|stdio|server|client|subscriptions/listen|malformed	SKIP	UNSUPPORTED: mcp is proven by its conformance rig, not recorded here	named gap on the golden, never owed
mcp|stdio|server|client|subscriptions/listen|ok	SKIP	UNSUPPORTED: mcp is proven by its conformance rig, not recorded here	named gap on the golden, never owed
mcp|stdio|server|client|subscriptions/listen|out_of_scope	SKIP	UNSUPPORTED: mcp is proven by its conformance rig, not recorded here	named gap on the golden, never owed
mcp|stdio|server|client|subscriptions/listen|over_budget	SKIP	UNSUPPORTED: mcp is proven by its conformance rig, not recorded here	named gap on the golden, never owed
mcp|stdio|server|client|subscriptions/listen|unauthenticated	SKIP	UNSUPPORTED: mcp is proven by its conformance rig, not recorded here	named gap on the golden, never owed
mcp|stdio|server|client|subscriptions/listen|upstream_down	SKIP	UNSUPPORTED: mcp is proven by its conformance rig, not recorded here	named gap on the golden, never owed
mcp|stdio|server|client|tasks/cancel|malformed	SKIP	UNSUPPORTED: mcp is proven by its conformance rig, not recorded here	named gap on the golden, never owed
mcp|stdio|server|client|tasks/cancel|ok	SKIP	UNSUPPORTED: mcp is proven by its conformance rig, not recorded here	named gap on the golden, never owed
mcp|stdio|server|client|tasks/cancel|out_of_scope	SKIP	UNSUPPORTED: mcp is proven by its conformance rig, not recorded here	named gap on the golden, never owed
mcp|stdio|server|client|tasks/cancel|over_budget	SKIP	UNSUPPORTED: mcp is proven by its conformance rig, not recorded here	named gap on the golden, never owed
mcp|stdio|server|client|tasks/cancel|unauthenticated	SKIP	UNSUPPORTED: mcp is proven by its conformance rig, not recorded here	named gap on the golden, never owed
mcp|stdio|server|client|tasks/cancel|upstream_down	SKIP	UNSUPPORTED: mcp is proven by its conformance rig, not recorded here	named gap on the golden, never owed
mcp|stdio|server|client|tasks/get|malformed	SKIP	UNSUPPORTED: mcp is proven by its conformance rig, not recorded here	named gap on the golden, never owed
mcp|stdio|server|client|tasks/get|ok	SKIP	UNSUPPORTED: mcp is proven by its conformance rig, not recorded here	named gap on the golden, never owed
mcp|stdio|server|client|tasks/get|out_of_scope	SKIP	UNSUPPORTED: mcp is proven by its conformance rig, not recorded here	named gap on the golden, never owed
mcp|stdio|server|client|tasks/get|over_budget	SKIP	UNSUPPORTED: mcp is proven by its conformance rig, not recorded here	named gap on the golden, never owed
mcp|stdio|server|client|tasks/get|unauthenticated	SKIP	UNSUPPORTED: mcp is proven by its conformance rig, not recorded here	named gap on the golden, never owed
mcp|stdio|server|client|tasks/get|upstream_down	SKIP	UNSUPPORTED: mcp is proven by its conformance rig, not recorded here	named gap on the golden, never owed
mcp|stdio|server|client|tasks/update|malformed	SKIP	UNSUPPORTED: mcp is proven by its conformance rig, not recorded here	named gap on the golden, never owed
mcp|stdio|server|client|tasks/update|ok	SKIP	UNSUPPORTED: mcp is proven by its conformance rig, not recorded here	named gap on the golden, never owed
mcp|stdio|server|client|tasks/update|out_of_scope	SKIP	UNSUPPORTED: mcp is proven by its conformance rig, not recorded here	named gap on the golden, never owed
mcp|stdio|server|client|tasks/update|over_budget	SKIP	UNSUPPORTED: mcp is proven by its conformance rig, not recorded here	named gap on the golden, never owed
mcp|stdio|server|client|tasks/update|unauthenticated	SKIP	UNSUPPORTED: mcp is proven by its conformance rig, not recorded here	named gap on the golden, never owed
mcp|stdio|server|client|tasks/update|upstream_down	SKIP	UNSUPPORTED: mcp is proven by its conformance rig, not recorded here	named gap on the golden, never owed
mcp|stdio|server|client|tools/call|malformed	SKIP	UNSUPPORTED: mcp is proven by its conformance rig, not recorded here	named gap on the golden, never owed
mcp|stdio|server|client|tools/call|ok	SKIP	UNSUPPORTED: mcp is proven by its conformance rig, not recorded here	named gap on the golden, never owed
mcp|stdio|server|client|tools/call|out_of_scope	SKIP	UNSUPPORTED: mcp is proven by its conformance rig, not recorded here	named gap on the golden, never owed
mcp|stdio|server|client|tools/call|over_budget	SKIP	UNSUPPORTED: mcp is proven by its conformance rig, not recorded here	named gap on the golden, never owed
mcp|stdio|server|client|tools/call|unauthenticated	SKIP	UNSUPPORTED: mcp is proven by its conformance rig, not recorded here	named gap on the golden, never owed
mcp|stdio|server|client|tools/call|upstream_down	SKIP	UNSUPPORTED: mcp is proven by its conformance rig, not recorded here	named gap on the golden, never owed
mcp|stdio|server|client|tools/list|malformed	SKIP	UNSUPPORTED: mcp is proven by its conformance rig, not recorded here	named gap on the golden, never owed
mcp|stdio|server|client|tools/list|ok	SKIP	UNSUPPORTED: mcp is proven by its conformance rig, not recorded here	named gap on the golden, never owed
mcp|stdio|server|client|tools/list|out_of_scope	SKIP	UNSUPPORTED: mcp is proven by its conformance rig, not recorded here	named gap on the golden, never owed
mcp|stdio|server|client|tools/list|over_budget	SKIP	UNSUPPORTED: mcp is proven by its conformance rig, not recorded here	named gap on the golden, never owed
mcp|stdio|server|client|tools/list|unauthenticated	SKIP	UNSUPPORTED: mcp is proven by its conformance rig, not recorded here	named gap on the golden, never owed
mcp|stdio|server|client|tools/list|upstream_down	SKIP	UNSUPPORTED: mcp is proven by its conformance rig, not recorded here	named gap on the golden, never owed
mcp|stdio|server|server|elicitation/create|malformed	SKIP	UNSUPPORTED: mcp is proven by its conformance rig, not recorded here	named gap on the golden, never owed
mcp|stdio|server|server|elicitation/create|ok	SKIP	UNSUPPORTED: mcp is proven by its conformance rig, not recorded here	named gap on the golden, never owed
mcp|stdio|server|server|elicitation/create|out_of_scope	SKIP	UNSUPPORTED: mcp is proven by its conformance rig, not recorded here	named gap on the golden, never owed
mcp|stdio|server|server|elicitation/create|over_budget	SKIP	UNSUPPORTED: mcp is proven by its conformance rig, not recorded here	named gap on the golden, never owed
mcp|stdio|server|server|elicitation/create|unauthenticated	SKIP	UNSUPPORTED: mcp is proven by its conformance rig, not recorded here	named gap on the golden, never owed
mcp|stdio|server|server|elicitation/create|upstream_down	SKIP	UNSUPPORTED: mcp is proven by its conformance rig, not recorded here	named gap on the golden, never owed
mcp|stdio|server|server|notifications/cancelled|malformed	SKIP	UNSUPPORTED: mcp is proven by its conformance rig, not recorded here	named gap on the golden, never owed
mcp|stdio|server|server|notifications/cancelled|ok	SKIP	UNSUPPORTED: mcp is proven by its conformance rig, not recorded here	named gap on the golden, never owed
mcp|stdio|server|server|notifications/cancelled|out_of_scope	SKIP	UNSUPPORTED: mcp is proven by its conformance rig, not recorded here	named gap on the golden, never owed
mcp|stdio|server|server|notifications/cancelled|over_budget	SKIP	UNSUPPORTED: mcp is proven by its conformance rig, not recorded here	named gap on the golden, never owed
mcp|stdio|server|server|notifications/cancelled|unauthenticated	SKIP	UNSUPPORTED: mcp is proven by its conformance rig, not recorded here	named gap on the golden, never owed
mcp|stdio|server|server|notifications/cancelled|upstream_down	SKIP	UNSUPPORTED: mcp is proven by its conformance rig, not recorded here	named gap on the golden, never owed
mcp|stdio|server|server|notifications/message|malformed	SKIP	UNSUPPORTED: mcp is proven by its conformance rig, not recorded here	named gap on the golden, never owed
mcp|stdio|server|server|notifications/message|ok	SKIP	UNSUPPORTED: mcp is proven by its conformance rig, not recorded here	named gap on the golden, never owed
mcp|stdio|server|server|notifications/message|out_of_scope	SKIP	UNSUPPORTED: mcp is proven by its conformance rig, not recorded here	named gap on the golden, never owed
mcp|stdio|server|server|notifications/message|over_budget	SKIP	UNSUPPORTED: mcp is proven by its conformance rig, not recorded here	named gap on the golden, never owed
mcp|stdio|server|server|notifications/message|unauthenticated	SKIP	UNSUPPORTED: mcp is proven by its conformance rig, not recorded here	named gap on the golden, never owed
mcp|stdio|server|server|notifications/message|upstream_down	SKIP	UNSUPPORTED: mcp is proven by its conformance rig, not recorded here	named gap on the golden, never owed
mcp|stdio|server|server|notifications/progress|malformed	SKIP	UNSUPPORTED: mcp is proven by its conformance rig, not recorded here	named gap on the golden, never owed
mcp|stdio|server|server|notifications/progress|ok	SKIP	UNSUPPORTED: mcp is proven by its conformance rig, not recorded here	named gap on the golden, never owed
mcp|stdio|server|server|notifications/progress|out_of_scope	SKIP	UNSUPPORTED: mcp is proven by its conformance rig, not recorded here	named gap on the golden, never owed
mcp|stdio|server|server|notifications/progress|over_budget	SKIP	UNSUPPORTED: mcp is proven by its conformance rig, not recorded here	named gap on the golden, never owed
mcp|stdio|server|server|notifications/progress|unauthenticated	SKIP	UNSUPPORTED: mcp is proven by its conformance rig, not recorded here	named gap on the golden, never owed
mcp|stdio|server|server|notifications/progress|upstream_down	SKIP	UNSUPPORTED: mcp is proven by its conformance rig, not recorded here	named gap on the golden, never owed
mcp|stdio|server|server|notifications/prompts/list_changed|malformed	SKIP	UNSUPPORTED: mcp is proven by its conformance rig, not recorded here	named gap on the golden, never owed
mcp|stdio|server|server|notifications/prompts/list_changed|ok	SKIP	UNSUPPORTED: mcp is proven by its conformance rig, not recorded here	named gap on the golden, never owed
mcp|stdio|server|server|notifications/prompts/list_changed|out_of_scope	SKIP	UNSUPPORTED: mcp is proven by its conformance rig, not recorded here	named gap on the golden, never owed
mcp|stdio|server|server|notifications/prompts/list_changed|over_budget	SKIP	UNSUPPORTED: mcp is proven by its conformance rig, not recorded here	named gap on the golden, never owed
mcp|stdio|server|server|notifications/prompts/list_changed|unauthenticated	SKIP	UNSUPPORTED: mcp is proven by its conformance rig, not recorded here	named gap on the golden, never owed
mcp|stdio|server|server|notifications/prompts/list_changed|upstream_down	SKIP	UNSUPPORTED: mcp is proven by its conformance rig, not recorded here	named gap on the golden, never owed
mcp|stdio|server|server|notifications/resources/list_changed|malformed	SKIP	UNSUPPORTED: mcp is proven by its conformance rig, not recorded here	named gap on the golden, never owed
mcp|stdio|server|server|notifications/resources/list_changed|ok	SKIP	UNSUPPORTED: mcp is proven by its conformance rig, not recorded here	named gap on the golden, never owed
mcp|stdio|server|server|notifications/resources/list_changed|out_of_scope	SKIP	UNSUPPORTED: mcp is proven by its conformance rig, not recorded here	named gap on the golden, never owed
mcp|stdio|server|server|notifications/resources/list_changed|over_budget	SKIP	UNSUPPORTED: mcp is proven by its conformance rig, not recorded here	named gap on the golden, never owed
mcp|stdio|server|server|notifications/resources/list_changed|unauthenticated	SKIP	UNSUPPORTED: mcp is proven by its conformance rig, not recorded here	named gap on the golden, never owed
mcp|stdio|server|server|notifications/resources/list_changed|upstream_down	SKIP	UNSUPPORTED: mcp is proven by its conformance rig, not recorded here	named gap on the golden, never owed
mcp|stdio|server|server|notifications/resources/updated|malformed	SKIP	UNSUPPORTED: mcp is proven by its conformance rig, not recorded here	named gap on the golden, never owed
mcp|stdio|server|server|notifications/resources/updated|ok	SKIP	UNSUPPORTED: mcp is proven by its conformance rig, not recorded here	named gap on the golden, never owed
mcp|stdio|server|server|notifications/resources/updated|out_of_scope	SKIP	UNSUPPORTED: mcp is proven by its conformance rig, not recorded here	named gap on the golden, never owed
mcp|stdio|server|server|notifications/resources/updated|over_budget	SKIP	UNSUPPORTED: mcp is proven by its conformance rig, not recorded here	named gap on the golden, never owed
mcp|stdio|server|server|notifications/resources/updated|unauthenticated	SKIP	UNSUPPORTED: mcp is proven by its conformance rig, not recorded here	named gap on the golden, never owed
mcp|stdio|server|server|notifications/resources/updated|upstream_down	SKIP	UNSUPPORTED: mcp is proven by its conformance rig, not recorded here	named gap on the golden, never owed
mcp|stdio|server|server|notifications/subscriptions/acknowledged|malformed	SKIP	UNSUPPORTED: mcp is proven by its conformance rig, not recorded here	named gap on the golden, never owed
mcp|stdio|server|server|notifications/subscriptions/acknowledged|ok	SKIP	UNSUPPORTED: mcp is proven by its conformance rig, not recorded here	named gap on the golden, never owed
mcp|stdio|server|server|notifications/subscriptions/acknowledged|out_of_scope	SKIP	UNSUPPORTED: mcp is proven by its conformance rig, not recorded here	named gap on the golden, never owed
mcp|stdio|server|server|notifications/subscriptions/acknowledged|over_budget	SKIP	UNSUPPORTED: mcp is proven by its conformance rig, not recorded here	named gap on the golden, never owed
mcp|stdio|server|server|notifications/subscriptions/acknowledged|unauthenticated	SKIP	UNSUPPORTED: mcp is proven by its conformance rig, not recorded here	named gap on the golden, never owed
mcp|stdio|server|server|notifications/subscriptions/acknowledged|upstream_down	SKIP	UNSUPPORTED: mcp is proven by its conformance rig, not recorded here	named gap on the golden, never owed
mcp|stdio|server|server|notifications/tasks|malformed	SKIP	UNSUPPORTED: mcp is proven by its conformance rig, not recorded here	named gap on the golden, never owed
mcp|stdio|server|server|notifications/tasks|ok	SKIP	UNSUPPORTED: mcp is proven by its conformance rig, not recorded here	named gap on the golden, never owed
mcp|stdio|server|server|notifications/tasks|out_of_scope	SKIP	UNSUPPORTED: mcp is proven by its conformance rig, not recorded here	named gap on the golden, never owed
mcp|stdio|server|server|notifications/tasks|over_budget	SKIP	UNSUPPORTED: mcp is proven by its conformance rig, not recorded here	named gap on the golden, never owed
mcp|stdio|server|server|notifications/tasks|unauthenticated	SKIP	UNSUPPORTED: mcp is proven by its conformance rig, not recorded here	named gap on the golden, never owed
mcp|stdio|server|server|notifications/tasks|upstream_down	SKIP	UNSUPPORTED: mcp is proven by its conformance rig, not recorded here	named gap on the golden, never owed
mcp|stdio|server|server|notifications/tools/list_changed|malformed	SKIP	UNSUPPORTED: mcp is proven by its conformance rig, not recorded here	named gap on the golden, never owed
mcp|stdio|server|server|notifications/tools/list_changed|ok	SKIP	UNSUPPORTED: mcp is proven by its conformance rig, not recorded here	named gap on the golden, never owed
mcp|stdio|server|server|notifications/tools/list_changed|out_of_scope	SKIP	UNSUPPORTED: mcp is proven by its conformance rig, not recorded here	named gap on the golden, never owed
mcp|stdio|server|server|notifications/tools/list_changed|over_budget	SKIP	UNSUPPORTED: mcp is proven by its conformance rig, not recorded here	named gap on the golden, never owed
mcp|stdio|server|server|notifications/tools/list_changed|unauthenticated	SKIP	UNSUPPORTED: mcp is proven by its conformance rig, not recorded here	named gap on the golden, never owed
mcp|stdio|server|server|notifications/tools/list_changed|upstream_down	SKIP	UNSUPPORTED: mcp is proven by its conformance rig, not recorded here	named gap on the golden, never owed
mcp|stdio|server|server|ping|malformed	SKIP	UNSUPPORTED: mcp is proven by its conformance rig, not recorded here	named gap on the golden, never owed
mcp|stdio|server|server|ping|ok	SKIP	UNSUPPORTED: mcp is proven by its conformance rig, not recorded here	named gap on the golden, never owed
mcp|stdio|server|server|ping|out_of_scope	SKIP	UNSUPPORTED: mcp is proven by its conformance rig, not recorded here	named gap on the golden, never owed
mcp|stdio|server|server|ping|over_budget	SKIP	UNSUPPORTED: mcp is proven by its conformance rig, not recorded here	named gap on the golden, never owed
mcp|stdio|server|server|ping|unauthenticated	SKIP	UNSUPPORTED: mcp is proven by its conformance rig, not recorded here	named gap on the golden, never owed
mcp|stdio|server|server|ping|upstream_down	SKIP	UNSUPPORTED: mcp is proven by its conformance rig, not recorded here	named gap on the golden, never owed
mcp|stdio|server|server|roots/list|malformed	SKIP	UNSUPPORTED: mcp is proven by its conformance rig, not recorded here	named gap on the golden, never owed
mcp|stdio|server|server|roots/list|ok	SKIP	UNSUPPORTED: mcp is proven by its conformance rig, not recorded here	named gap on the golden, never owed
mcp|stdio|server|server|roots/list|out_of_scope	SKIP	UNSUPPORTED: mcp is proven by its conformance rig, not recorded here	named gap on the golden, never owed
mcp|stdio|server|server|roots/list|over_budget	SKIP	UNSUPPORTED: mcp is proven by its conformance rig, not recorded here	named gap on the golden, never owed
mcp|stdio|server|server|roots/list|unauthenticated	SKIP	UNSUPPORTED: mcp is proven by its conformance rig, not recorded here	named gap on the golden, never owed
mcp|stdio|server|server|roots/list|upstream_down	SKIP	UNSUPPORTED: mcp is proven by its conformance rig, not recorded here	named gap on the golden, never owed
mcp|stdio|server|server|sampling/createMessage|malformed	SKIP	UNSUPPORTED: mcp is proven by its conformance rig, not recorded here	named gap on the golden, never owed
mcp|stdio|server|server|sampling/createMessage|ok	SKIP	UNSUPPORTED: mcp is proven by its conformance rig, not recorded here	named gap on the golden, never owed
mcp|stdio|server|server|sampling/createMessage|out_of_scope	SKIP	UNSUPPORTED: mcp is proven by its conformance rig, not recorded here	named gap on the golden, never owed
mcp|stdio|server|server|sampling/createMessage|over_budget	SKIP	UNSUPPORTED: mcp is proven by its conformance rig, not recorded here	named gap on the golden, never owed
mcp|stdio|server|server|sampling/createMessage|unauthenticated	SKIP	UNSUPPORTED: mcp is proven by its conformance rig, not recorded here	named gap on the golden, never owed
mcp|stdio|server|server|sampling/createMessage|upstream_down	SKIP	UNSUPPORTED: mcp is proven by its conformance rig, not recorded here	named gap on the golden, never owed
mcp|streamable-http|client|client|DELETE /mcp (terminate session)|malformed	SKIP	UNSUPPORTED: mcp is proven by its conformance rig, not recorded here	named gap on the golden, never owed
mcp|streamable-http|client|client|DELETE /mcp (terminate session)|ok	SKIP	UNSUPPORTED: mcp is proven by its conformance rig, not recorded here	named gap on the golden, never owed
mcp|streamable-http|client|client|DELETE /mcp (terminate session)|out_of_scope	SKIP	UNSUPPORTED: mcp is proven by its conformance rig, not recorded here	named gap on the golden, never owed
mcp|streamable-http|client|client|DELETE /mcp (terminate session)|over_budget	SKIP	UNSUPPORTED: mcp is proven by its conformance rig, not recorded here	named gap on the golden, never owed
mcp|streamable-http|client|client|DELETE /mcp (terminate session)|unauthenticated	SKIP	UNSUPPORTED: mcp is proven by its conformance rig, not recorded here	named gap on the golden, never owed
mcp|streamable-http|client|client|DELETE /mcp (terminate session)|upstream_down	SKIP	UNSUPPORTED: mcp is proven by its conformance rig, not recorded here	named gap on the golden, never owed
mcp|streamable-http|client|client|GET /mcp (open SSE stream)|malformed	SKIP	UNSUPPORTED: mcp is proven by its conformance rig, not recorded here	named gap on the golden, never owed
mcp|streamable-http|client|client|GET /mcp (open SSE stream)|ok	SKIP	UNSUPPORTED: mcp is proven by its conformance rig, not recorded here	named gap on the golden, never owed
mcp|streamable-http|client|client|GET /mcp (open SSE stream)|out_of_scope	SKIP	UNSUPPORTED: mcp is proven by its conformance rig, not recorded here	named gap on the golden, never owed
mcp|streamable-http|client|client|GET /mcp (open SSE stream)|over_budget	SKIP	UNSUPPORTED: mcp is proven by its conformance rig, not recorded here	named gap on the golden, never owed
mcp|streamable-http|client|client|GET /mcp (open SSE stream)|unauthenticated	SKIP	UNSUPPORTED: mcp is proven by its conformance rig, not recorded here	named gap on the golden, never owed
mcp|streamable-http|client|client|GET /mcp (open SSE stream)|upstream_down	SKIP	UNSUPPORTED: mcp is proven by its conformance rig, not recorded here	named gap on the golden, never owed
mcp|streamable-http|client|client|completion/complete|malformed	SKIP	UNSUPPORTED: mcp is proven by its conformance rig, not recorded here	named gap on the golden, never owed
mcp|streamable-http|client|client|completion/complete|ok	SKIP	UNSUPPORTED: mcp is proven by its conformance rig, not recorded here	named gap on the golden, never owed
mcp|streamable-http|client|client|completion/complete|out_of_scope	SKIP	UNSUPPORTED: mcp is proven by its conformance rig, not recorded here	named gap on the golden, never owed
mcp|streamable-http|client|client|completion/complete|over_budget	SKIP	UNSUPPORTED: mcp is proven by its conformance rig, not recorded here	named gap on the golden, never owed
mcp|streamable-http|client|client|completion/complete|unauthenticated	SKIP	UNSUPPORTED: mcp is proven by its conformance rig, not recorded here	named gap on the golden, never owed
mcp|streamable-http|client|client|completion/complete|upstream_down	SKIP	UNSUPPORTED: mcp is proven by its conformance rig, not recorded here	named gap on the golden, never owed
mcp|streamable-http|client|client|initialize|malformed	SKIP	UNSUPPORTED: mcp is proven by its conformance rig, not recorded here	named gap on the golden, never owed
mcp|streamable-http|client|client|initialize|ok	SKIP	UNSUPPORTED: mcp is proven by its conformance rig, not recorded here	named gap on the golden, never owed
mcp|streamable-http|client|client|initialize|out_of_scope	SKIP	UNSUPPORTED: mcp is proven by its conformance rig, not recorded here	named gap on the golden, never owed
mcp|streamable-http|client|client|initialize|over_budget	SKIP	UNSUPPORTED: mcp is proven by its conformance rig, not recorded here	named gap on the golden, never owed
mcp|streamable-http|client|client|initialize|unauthenticated	SKIP	UNSUPPORTED: mcp is proven by its conformance rig, not recorded here	named gap on the golden, never owed
mcp|streamable-http|client|client|initialize|upstream_down	SKIP	UNSUPPORTED: mcp is proven by its conformance rig, not recorded here	named gap on the golden, never owed
mcp|streamable-http|client|client|logging/setLevel|malformed	SKIP	UNSUPPORTED: mcp is proven by its conformance rig, not recorded here	named gap on the golden, never owed
mcp|streamable-http|client|client|logging/setLevel|ok	SKIP	UNSUPPORTED: mcp is proven by its conformance rig, not recorded here	named gap on the golden, never owed
mcp|streamable-http|client|client|logging/setLevel|out_of_scope	SKIP	UNSUPPORTED: mcp is proven by its conformance rig, not recorded here	named gap on the golden, never owed
mcp|streamable-http|client|client|logging/setLevel|over_budget	SKIP	UNSUPPORTED: mcp is proven by its conformance rig, not recorded here	named gap on the golden, never owed
mcp|streamable-http|client|client|logging/setLevel|unauthenticated	SKIP	UNSUPPORTED: mcp is proven by its conformance rig, not recorded here	named gap on the golden, never owed
mcp|streamable-http|client|client|logging/setLevel|upstream_down	SKIP	UNSUPPORTED: mcp is proven by its conformance rig, not recorded here	named gap on the golden, never owed
mcp|streamable-http|client|client|notifications/cancelled|malformed	SKIP	UNSUPPORTED: mcp is proven by its conformance rig, not recorded here	named gap on the golden, never owed
mcp|streamable-http|client|client|notifications/cancelled|ok	SKIP	UNSUPPORTED: mcp is proven by its conformance rig, not recorded here	named gap on the golden, never owed
mcp|streamable-http|client|client|notifications/cancelled|out_of_scope	SKIP	UNSUPPORTED: mcp is proven by its conformance rig, not recorded here	named gap on the golden, never owed
mcp|streamable-http|client|client|notifications/cancelled|over_budget	SKIP	UNSUPPORTED: mcp is proven by its conformance rig, not recorded here	named gap on the golden, never owed
mcp|streamable-http|client|client|notifications/cancelled|unauthenticated	SKIP	UNSUPPORTED: mcp is proven by its conformance rig, not recorded here	named gap on the golden, never owed
mcp|streamable-http|client|client|notifications/cancelled|upstream_down	SKIP	UNSUPPORTED: mcp is proven by its conformance rig, not recorded here	named gap on the golden, never owed
mcp|streamable-http|client|client|notifications/elicitation/response|malformed	SKIP	UNSUPPORTED: mcp is proven by its conformance rig, not recorded here	named gap on the golden, never owed
mcp|streamable-http|client|client|notifications/elicitation/response|ok	SKIP	UNSUPPORTED: mcp is proven by its conformance rig, not recorded here	named gap on the golden, never owed
mcp|streamable-http|client|client|notifications/elicitation/response|out_of_scope	SKIP	UNSUPPORTED: mcp is proven by its conformance rig, not recorded here	named gap on the golden, never owed
mcp|streamable-http|client|client|notifications/elicitation/response|over_budget	SKIP	UNSUPPORTED: mcp is proven by its conformance rig, not recorded here	named gap on the golden, never owed
mcp|streamable-http|client|client|notifications/elicitation/response|unauthenticated	SKIP	UNSUPPORTED: mcp is proven by its conformance rig, not recorded here	named gap on the golden, never owed
mcp|streamable-http|client|client|notifications/elicitation/response|upstream_down	SKIP	UNSUPPORTED: mcp is proven by its conformance rig, not recorded here	named gap on the golden, never owed
mcp|streamable-http|client|client|notifications/initialized|malformed	SKIP	UNSUPPORTED: mcp is proven by its conformance rig, not recorded here	named gap on the golden, never owed
mcp|streamable-http|client|client|notifications/initialized|ok	SKIP	UNSUPPORTED: mcp is proven by its conformance rig, not recorded here	named gap on the golden, never owed
mcp|streamable-http|client|client|notifications/initialized|out_of_scope	SKIP	UNSUPPORTED: mcp is proven by its conformance rig, not recorded here	named gap on the golden, never owed
mcp|streamable-http|client|client|notifications/initialized|over_budget	SKIP	UNSUPPORTED: mcp is proven by its conformance rig, not recorded here	named gap on the golden, never owed
mcp|streamable-http|client|client|notifications/initialized|unauthenticated	SKIP	UNSUPPORTED: mcp is proven by its conformance rig, not recorded here	named gap on the golden, never owed
mcp|streamable-http|client|client|notifications/initialized|upstream_down	SKIP	UNSUPPORTED: mcp is proven by its conformance rig, not recorded here	named gap on the golden, never owed
mcp|streamable-http|client|client|notifications/progress|malformed	SKIP	UNSUPPORTED: mcp is proven by its conformance rig, not recorded here	named gap on the golden, never owed
mcp|streamable-http|client|client|notifications/progress|ok	SKIP	UNSUPPORTED: mcp is proven by its conformance rig, not recorded here	named gap on the golden, never owed
mcp|streamable-http|client|client|notifications/progress|out_of_scope	SKIP	UNSUPPORTED: mcp is proven by its conformance rig, not recorded here	named gap on the golden, never owed
mcp|streamable-http|client|client|notifications/progress|over_budget	SKIP	UNSUPPORTED: mcp is proven by its conformance rig, not recorded here	named gap on the golden, never owed
mcp|streamable-http|client|client|notifications/progress|unauthenticated	SKIP	UNSUPPORTED: mcp is proven by its conformance rig, not recorded here	named gap on the golden, never owed
mcp|streamable-http|client|client|notifications/progress|upstream_down	SKIP	UNSUPPORTED: mcp is proven by its conformance rig, not recorded here	named gap on the golden, never owed
mcp|streamable-http|client|client|notifications/roots/list_changed|malformed	SKIP	UNSUPPORTED: mcp is proven by its conformance rig, not recorded here	named gap on the golden, never owed
mcp|streamable-http|client|client|notifications/roots/list_changed|ok	SKIP	UNSUPPORTED: mcp is proven by its conformance rig, not recorded here	named gap on the golden, never owed
mcp|streamable-http|client|client|notifications/roots/list_changed|out_of_scope	SKIP	UNSUPPORTED: mcp is proven by its conformance rig, not recorded here	named gap on the golden, never owed
mcp|streamable-http|client|client|notifications/roots/list_changed|over_budget	SKIP	UNSUPPORTED: mcp is proven by its conformance rig, not recorded here	named gap on the golden, never owed
mcp|streamable-http|client|client|notifications/roots/list_changed|unauthenticated	SKIP	UNSUPPORTED: mcp is proven by its conformance rig, not recorded here	named gap on the golden, never owed
mcp|streamable-http|client|client|notifications/roots/list_changed|upstream_down	SKIP	UNSUPPORTED: mcp is proven by its conformance rig, not recorded here	named gap on the golden, never owed
mcp|streamable-http|client|client|ping|malformed	SKIP	UNSUPPORTED: mcp is proven by its conformance rig, not recorded here	named gap on the golden, never owed
mcp|streamable-http|client|client|ping|ok	SKIP	UNSUPPORTED: mcp is proven by its conformance rig, not recorded here	named gap on the golden, never owed
mcp|streamable-http|client|client|ping|out_of_scope	SKIP	UNSUPPORTED: mcp is proven by its conformance rig, not recorded here	named gap on the golden, never owed
mcp|streamable-http|client|client|ping|over_budget	SKIP	UNSUPPORTED: mcp is proven by its conformance rig, not recorded here	named gap on the golden, never owed
mcp|streamable-http|client|client|ping|unauthenticated	SKIP	UNSUPPORTED: mcp is proven by its conformance rig, not recorded here	named gap on the golden, never owed
mcp|streamable-http|client|client|ping|upstream_down	SKIP	UNSUPPORTED: mcp is proven by its conformance rig, not recorded here	named gap on the golden, never owed
mcp|streamable-http|client|client|prompts/get|malformed	SKIP	UNSUPPORTED: mcp is proven by its conformance rig, not recorded here	named gap on the golden, never owed
mcp|streamable-http|client|client|prompts/get|ok	SKIP	UNSUPPORTED: mcp is proven by its conformance rig, not recorded here	named gap on the golden, never owed
mcp|streamable-http|client|client|prompts/get|out_of_scope	SKIP	UNSUPPORTED: mcp is proven by its conformance rig, not recorded here	named gap on the golden, never owed
mcp|streamable-http|client|client|prompts/get|over_budget	SKIP	UNSUPPORTED: mcp is proven by its conformance rig, not recorded here	named gap on the golden, never owed
mcp|streamable-http|client|client|prompts/get|unauthenticated	SKIP	UNSUPPORTED: mcp is proven by its conformance rig, not recorded here	named gap on the golden, never owed
mcp|streamable-http|client|client|prompts/get|upstream_down	SKIP	UNSUPPORTED: mcp is proven by its conformance rig, not recorded here	named gap on the golden, never owed
mcp|streamable-http|client|client|prompts/list|malformed	SKIP	UNSUPPORTED: mcp is proven by its conformance rig, not recorded here	named gap on the golden, never owed
mcp|streamable-http|client|client|prompts/list|ok	SKIP	UNSUPPORTED: mcp is proven by its conformance rig, not recorded here	named gap on the golden, never owed
mcp|streamable-http|client|client|prompts/list|out_of_scope	SKIP	UNSUPPORTED: mcp is proven by its conformance rig, not recorded here	named gap on the golden, never owed
mcp|streamable-http|client|client|prompts/list|over_budget	SKIP	UNSUPPORTED: mcp is proven by its conformance rig, not recorded here	named gap on the golden, never owed
mcp|streamable-http|client|client|prompts/list|unauthenticated	SKIP	UNSUPPORTED: mcp is proven by its conformance rig, not recorded here	named gap on the golden, never owed
mcp|streamable-http|client|client|prompts/list|upstream_down	SKIP	UNSUPPORTED: mcp is proven by its conformance rig, not recorded here	named gap on the golden, never owed
mcp|streamable-http|client|client|resources/list|malformed	SKIP	UNSUPPORTED: mcp is proven by its conformance rig, not recorded here	named gap on the golden, never owed
mcp|streamable-http|client|client|resources/list|ok	SKIP	UNSUPPORTED: mcp is proven by its conformance rig, not recorded here	named gap on the golden, never owed
mcp|streamable-http|client|client|resources/list|out_of_scope	SKIP	UNSUPPORTED: mcp is proven by its conformance rig, not recorded here	named gap on the golden, never owed
mcp|streamable-http|client|client|resources/list|over_budget	SKIP	UNSUPPORTED: mcp is proven by its conformance rig, not recorded here	named gap on the golden, never owed
mcp|streamable-http|client|client|resources/list|unauthenticated	SKIP	UNSUPPORTED: mcp is proven by its conformance rig, not recorded here	named gap on the golden, never owed
mcp|streamable-http|client|client|resources/list|upstream_down	SKIP	UNSUPPORTED: mcp is proven by its conformance rig, not recorded here	named gap on the golden, never owed
mcp|streamable-http|client|client|resources/read|malformed	SKIP	UNSUPPORTED: mcp is proven by its conformance rig, not recorded here	named gap on the golden, never owed
mcp|streamable-http|client|client|resources/read|ok	SKIP	UNSUPPORTED: mcp is proven by its conformance rig, not recorded here	named gap on the golden, never owed
mcp|streamable-http|client|client|resources/read|out_of_scope	SKIP	UNSUPPORTED: mcp is proven by its conformance rig, not recorded here	named gap on the golden, never owed
mcp|streamable-http|client|client|resources/read|over_budget	SKIP	UNSUPPORTED: mcp is proven by its conformance rig, not recorded here	named gap on the golden, never owed
mcp|streamable-http|client|client|resources/read|unauthenticated	SKIP	UNSUPPORTED: mcp is proven by its conformance rig, not recorded here	named gap on the golden, never owed
mcp|streamable-http|client|client|resources/read|upstream_down	SKIP	UNSUPPORTED: mcp is proven by its conformance rig, not recorded here	named gap on the golden, never owed
mcp|streamable-http|client|client|resources/subscribe|malformed	SKIP	UNSUPPORTED: mcp is proven by its conformance rig, not recorded here	named gap on the golden, never owed
mcp|streamable-http|client|client|resources/subscribe|ok	SKIP	UNSUPPORTED: mcp is proven by its conformance rig, not recorded here	named gap on the golden, never owed
mcp|streamable-http|client|client|resources/subscribe|out_of_scope	SKIP	UNSUPPORTED: mcp is proven by its conformance rig, not recorded here	named gap on the golden, never owed
mcp|streamable-http|client|client|resources/subscribe|over_budget	SKIP	UNSUPPORTED: mcp is proven by its conformance rig, not recorded here	named gap on the golden, never owed
mcp|streamable-http|client|client|resources/subscribe|unauthenticated	SKIP	UNSUPPORTED: mcp is proven by its conformance rig, not recorded here	named gap on the golden, never owed
mcp|streamable-http|client|client|resources/subscribe|upstream_down	SKIP	UNSUPPORTED: mcp is proven by its conformance rig, not recorded here	named gap on the golden, never owed
mcp|streamable-http|client|client|resources/templates/list|malformed	SKIP	UNSUPPORTED: mcp is proven by its conformance rig, not recorded here	named gap on the golden, never owed
mcp|streamable-http|client|client|resources/templates/list|ok	SKIP	UNSUPPORTED: mcp is proven by its conformance rig, not recorded here	named gap on the golden, never owed
mcp|streamable-http|client|client|resources/templates/list|out_of_scope	SKIP	UNSUPPORTED: mcp is proven by its conformance rig, not recorded here	named gap on the golden, never owed
mcp|streamable-http|client|client|resources/templates/list|over_budget	SKIP	UNSUPPORTED: mcp is proven by its conformance rig, not recorded here	named gap on the golden, never owed
mcp|streamable-http|client|client|resources/templates/list|unauthenticated	SKIP	UNSUPPORTED: mcp is proven by its conformance rig, not recorded here	named gap on the golden, never owed
mcp|streamable-http|client|client|resources/templates/list|upstream_down	SKIP	UNSUPPORTED: mcp is proven by its conformance rig, not recorded here	named gap on the golden, never owed
mcp|streamable-http|client|client|resources/unsubscribe|malformed	SKIP	UNSUPPORTED: mcp is proven by its conformance rig, not recorded here	named gap on the golden, never owed
mcp|streamable-http|client|client|resources/unsubscribe|ok	SKIP	UNSUPPORTED: mcp is proven by its conformance rig, not recorded here	named gap on the golden, never owed
mcp|streamable-http|client|client|resources/unsubscribe|out_of_scope	SKIP	UNSUPPORTED: mcp is proven by its conformance rig, not recorded here	named gap on the golden, never owed
mcp|streamable-http|client|client|resources/unsubscribe|over_budget	SKIP	UNSUPPORTED: mcp is proven by its conformance rig, not recorded here	named gap on the golden, never owed
mcp|streamable-http|client|client|resources/unsubscribe|unauthenticated	SKIP	UNSUPPORTED: mcp is proven by its conformance rig, not recorded here	named gap on the golden, never owed
mcp|streamable-http|client|client|resources/unsubscribe|upstream_down	SKIP	UNSUPPORTED: mcp is proven by its conformance rig, not recorded here	named gap on the golden, never owed
mcp|streamable-http|client|client|server/discover|malformed	SKIP	UNSUPPORTED: mcp is proven by its conformance rig, not recorded here	named gap on the golden, never owed
mcp|streamable-http|client|client|server/discover|ok	SKIP	UNSUPPORTED: mcp is proven by its conformance rig, not recorded here	named gap on the golden, never owed
mcp|streamable-http|client|client|server/discover|out_of_scope	SKIP	UNSUPPORTED: mcp is proven by its conformance rig, not recorded here	named gap on the golden, never owed
mcp|streamable-http|client|client|server/discover|over_budget	SKIP	UNSUPPORTED: mcp is proven by its conformance rig, not recorded here	named gap on the golden, never owed
mcp|streamable-http|client|client|server/discover|unauthenticated	SKIP	UNSUPPORTED: mcp is proven by its conformance rig, not recorded here	named gap on the golden, never owed
mcp|streamable-http|client|client|server/discover|upstream_down	SKIP	UNSUPPORTED: mcp is proven by its conformance rig, not recorded here	named gap on the golden, never owed
mcp|streamable-http|client|client|subscriptions/listen|malformed	SKIP	UNSUPPORTED: mcp is proven by its conformance rig, not recorded here	named gap on the golden, never owed
mcp|streamable-http|client|client|subscriptions/listen|ok	SKIP	UNSUPPORTED: mcp is proven by its conformance rig, not recorded here	named gap on the golden, never owed
mcp|streamable-http|client|client|subscriptions/listen|out_of_scope	SKIP	UNSUPPORTED: mcp is proven by its conformance rig, not recorded here	named gap on the golden, never owed
mcp|streamable-http|client|client|subscriptions/listen|over_budget	SKIP	UNSUPPORTED: mcp is proven by its conformance rig, not recorded here	named gap on the golden, never owed
mcp|streamable-http|client|client|subscriptions/listen|unauthenticated	SKIP	UNSUPPORTED: mcp is proven by its conformance rig, not recorded here	named gap on the golden, never owed
mcp|streamable-http|client|client|subscriptions/listen|upstream_down	SKIP	UNSUPPORTED: mcp is proven by its conformance rig, not recorded here	named gap on the golden, never owed
mcp|streamable-http|client|client|tasks/cancel|malformed	SKIP	UNSUPPORTED: mcp is proven by its conformance rig, not recorded here	named gap on the golden, never owed
mcp|streamable-http|client|client|tasks/cancel|ok	SKIP	UNSUPPORTED: mcp is proven by its conformance rig, not recorded here	named gap on the golden, never owed
mcp|streamable-http|client|client|tasks/cancel|out_of_scope	SKIP	UNSUPPORTED: mcp is proven by its conformance rig, not recorded here	named gap on the golden, never owed
mcp|streamable-http|client|client|tasks/cancel|over_budget	SKIP	UNSUPPORTED: mcp is proven by its conformance rig, not recorded here	named gap on the golden, never owed
mcp|streamable-http|client|client|tasks/cancel|unauthenticated	SKIP	UNSUPPORTED: mcp is proven by its conformance rig, not recorded here	named gap on the golden, never owed
mcp|streamable-http|client|client|tasks/cancel|upstream_down	SKIP	UNSUPPORTED: mcp is proven by its conformance rig, not recorded here	named gap on the golden, never owed
mcp|streamable-http|client|client|tasks/get|malformed	SKIP	UNSUPPORTED: mcp is proven by its conformance rig, not recorded here	named gap on the golden, never owed
mcp|streamable-http|client|client|tasks/get|ok	SKIP	UNSUPPORTED: mcp is proven by its conformance rig, not recorded here	named gap on the golden, never owed
mcp|streamable-http|client|client|tasks/get|out_of_scope	SKIP	UNSUPPORTED: mcp is proven by its conformance rig, not recorded here	named gap on the golden, never owed
mcp|streamable-http|client|client|tasks/get|over_budget	SKIP	UNSUPPORTED: mcp is proven by its conformance rig, not recorded here	named gap on the golden, never owed
mcp|streamable-http|client|client|tasks/get|unauthenticated	SKIP	UNSUPPORTED: mcp is proven by its conformance rig, not recorded here	named gap on the golden, never owed
mcp|streamable-http|client|client|tasks/get|upstream_down	SKIP	UNSUPPORTED: mcp is proven by its conformance rig, not recorded here	named gap on the golden, never owed
mcp|streamable-http|client|client|tasks/update|malformed	SKIP	UNSUPPORTED: mcp is proven by its conformance rig, not recorded here	named gap on the golden, never owed
mcp|streamable-http|client|client|tasks/update|ok	SKIP	UNSUPPORTED: mcp is proven by its conformance rig, not recorded here	named gap on the golden, never owed
mcp|streamable-http|client|client|tasks/update|out_of_scope	SKIP	UNSUPPORTED: mcp is proven by its conformance rig, not recorded here	named gap on the golden, never owed
mcp|streamable-http|client|client|tasks/update|over_budget	SKIP	UNSUPPORTED: mcp is proven by its conformance rig, not recorded here	named gap on the golden, never owed
mcp|streamable-http|client|client|tasks/update|unauthenticated	SKIP	UNSUPPORTED: mcp is proven by its conformance rig, not recorded here	named gap on the golden, never owed
mcp|streamable-http|client|client|tasks/update|upstream_down	SKIP	UNSUPPORTED: mcp is proven by its conformance rig, not recorded here	named gap on the golden, never owed
mcp|streamable-http|client|client|tools/call|malformed	SKIP	UNSUPPORTED: mcp is proven by its conformance rig, not recorded here	named gap on the golden, never owed
mcp|streamable-http|client|client|tools/call|ok	SKIP	UNSUPPORTED: mcp is proven by its conformance rig, not recorded here	named gap on the golden, never owed
mcp|streamable-http|client|client|tools/call|out_of_scope	SKIP	UNSUPPORTED: mcp is proven by its conformance rig, not recorded here	named gap on the golden, never owed
mcp|streamable-http|client|client|tools/call|over_budget	SKIP	UNSUPPORTED: mcp is proven by its conformance rig, not recorded here	named gap on the golden, never owed
mcp|streamable-http|client|client|tools/call|unauthenticated	SKIP	UNSUPPORTED: mcp is proven by its conformance rig, not recorded here	named gap on the golden, never owed
mcp|streamable-http|client|client|tools/call|upstream_down	SKIP	UNSUPPORTED: mcp is proven by its conformance rig, not recorded here	named gap on the golden, never owed
mcp|streamable-http|client|client|tools/list|malformed	SKIP	UNSUPPORTED: mcp is proven by its conformance rig, not recorded here	named gap on the golden, never owed
mcp|streamable-http|client|client|tools/list|ok	SKIP	UNSUPPORTED: mcp is proven by its conformance rig, not recorded here	named gap on the golden, never owed
mcp|streamable-http|client|client|tools/list|out_of_scope	SKIP	UNSUPPORTED: mcp is proven by its conformance rig, not recorded here	named gap on the golden, never owed
mcp|streamable-http|client|client|tools/list|over_budget	SKIP	UNSUPPORTED: mcp is proven by its conformance rig, not recorded here	named gap on the golden, never owed
mcp|streamable-http|client|client|tools/list|unauthenticated	SKIP	UNSUPPORTED: mcp is proven by its conformance rig, not recorded here	named gap on the golden, never owed
mcp|streamable-http|client|client|tools/list|upstream_down	SKIP	UNSUPPORTED: mcp is proven by its conformance rig, not recorded here	named gap on the golden, never owed
mcp|streamable-http|client|server|elicitation/create|malformed	SKIP	UNSUPPORTED: mcp is proven by its conformance rig, not recorded here	named gap on the golden, never owed
mcp|streamable-http|client|server|elicitation/create|ok	SKIP	UNSUPPORTED: mcp is proven by its conformance rig, not recorded here	named gap on the golden, never owed
mcp|streamable-http|client|server|elicitation/create|out_of_scope	SKIP	UNSUPPORTED: mcp is proven by its conformance rig, not recorded here	named gap on the golden, never owed
mcp|streamable-http|client|server|elicitation/create|over_budget	SKIP	UNSUPPORTED: mcp is proven by its conformance rig, not recorded here	named gap on the golden, never owed
mcp|streamable-http|client|server|elicitation/create|unauthenticated	SKIP	UNSUPPORTED: mcp is proven by its conformance rig, not recorded here	named gap on the golden, never owed
mcp|streamable-http|client|server|elicitation/create|upstream_down	SKIP	UNSUPPORTED: mcp is proven by its conformance rig, not recorded here	named gap on the golden, never owed
mcp|streamable-http|client|server|notifications/cancelled|malformed	SKIP	UNSUPPORTED: mcp is proven by its conformance rig, not recorded here	named gap on the golden, never owed
mcp|streamable-http|client|server|notifications/cancelled|ok	SKIP	UNSUPPORTED: mcp is proven by its conformance rig, not recorded here	named gap on the golden, never owed
mcp|streamable-http|client|server|notifications/cancelled|out_of_scope	SKIP	UNSUPPORTED: mcp is proven by its conformance rig, not recorded here	named gap on the golden, never owed
mcp|streamable-http|client|server|notifications/cancelled|over_budget	SKIP	UNSUPPORTED: mcp is proven by its conformance rig, not recorded here	named gap on the golden, never owed
mcp|streamable-http|client|server|notifications/cancelled|unauthenticated	SKIP	UNSUPPORTED: mcp is proven by its conformance rig, not recorded here	named gap on the golden, never owed
mcp|streamable-http|client|server|notifications/cancelled|upstream_down	SKIP	UNSUPPORTED: mcp is proven by its conformance rig, not recorded here	named gap on the golden, never owed
mcp|streamable-http|client|server|notifications/message|malformed	SKIP	UNSUPPORTED: mcp is proven by its conformance rig, not recorded here	named gap on the golden, never owed
mcp|streamable-http|client|server|notifications/message|ok	SKIP	UNSUPPORTED: mcp is proven by its conformance rig, not recorded here	named gap on the golden, never owed
mcp|streamable-http|client|server|notifications/message|out_of_scope	SKIP	UNSUPPORTED: mcp is proven by its conformance rig, not recorded here	named gap on the golden, never owed
mcp|streamable-http|client|server|notifications/message|over_budget	SKIP	UNSUPPORTED: mcp is proven by its conformance rig, not recorded here	named gap on the golden, never owed
mcp|streamable-http|client|server|notifications/message|unauthenticated	SKIP	UNSUPPORTED: mcp is proven by its conformance rig, not recorded here	named gap on the golden, never owed
mcp|streamable-http|client|server|notifications/message|upstream_down	SKIP	UNSUPPORTED: mcp is proven by its conformance rig, not recorded here	named gap on the golden, never owed
mcp|streamable-http|client|server|notifications/progress|malformed	SKIP	UNSUPPORTED: mcp is proven by its conformance rig, not recorded here	named gap on the golden, never owed
mcp|streamable-http|client|server|notifications/progress|ok	SKIP	UNSUPPORTED: mcp is proven by its conformance rig, not recorded here	named gap on the golden, never owed
mcp|streamable-http|client|server|notifications/progress|out_of_scope	SKIP	UNSUPPORTED: mcp is proven by its conformance rig, not recorded here	named gap on the golden, never owed
mcp|streamable-http|client|server|notifications/progress|over_budget	SKIP	UNSUPPORTED: mcp is proven by its conformance rig, not recorded here	named gap on the golden, never owed
mcp|streamable-http|client|server|notifications/progress|unauthenticated	SKIP	UNSUPPORTED: mcp is proven by its conformance rig, not recorded here	named gap on the golden, never owed
mcp|streamable-http|client|server|notifications/progress|upstream_down	SKIP	UNSUPPORTED: mcp is proven by its conformance rig, not recorded here	named gap on the golden, never owed
mcp|streamable-http|client|server|notifications/prompts/list_changed|malformed	SKIP	UNSUPPORTED: mcp is proven by its conformance rig, not recorded here	named gap on the golden, never owed
mcp|streamable-http|client|server|notifications/prompts/list_changed|ok	SKIP	UNSUPPORTED: mcp is proven by its conformance rig, not recorded here	named gap on the golden, never owed
mcp|streamable-http|client|server|notifications/prompts/list_changed|out_of_scope	SKIP	UNSUPPORTED: mcp is proven by its conformance rig, not recorded here	named gap on the golden, never owed
mcp|streamable-http|client|server|notifications/prompts/list_changed|over_budget	SKIP	UNSUPPORTED: mcp is proven by its conformance rig, not recorded here	named gap on the golden, never owed
mcp|streamable-http|client|server|notifications/prompts/list_changed|unauthenticated	SKIP	UNSUPPORTED: mcp is proven by its conformance rig, not recorded here	named gap on the golden, never owed
mcp|streamable-http|client|server|notifications/prompts/list_changed|upstream_down	SKIP	UNSUPPORTED: mcp is proven by its conformance rig, not recorded here	named gap on the golden, never owed
mcp|streamable-http|client|server|notifications/resources/list_changed|malformed	SKIP	UNSUPPORTED: mcp is proven by its conformance rig, not recorded here	named gap on the golden, never owed
mcp|streamable-http|client|server|notifications/resources/list_changed|ok	SKIP	UNSUPPORTED: mcp is proven by its conformance rig, not recorded here	named gap on the golden, never owed
mcp|streamable-http|client|server|notifications/resources/list_changed|out_of_scope	SKIP	UNSUPPORTED: mcp is proven by its conformance rig, not recorded here	named gap on the golden, never owed
mcp|streamable-http|client|server|notifications/resources/list_changed|over_budget	SKIP	UNSUPPORTED: mcp is proven by its conformance rig, not recorded here	named gap on the golden, never owed
mcp|streamable-http|client|server|notifications/resources/list_changed|unauthenticated	SKIP	UNSUPPORTED: mcp is proven by its conformance rig, not recorded here	named gap on the golden, never owed
mcp|streamable-http|client|server|notifications/resources/list_changed|upstream_down	SKIP	UNSUPPORTED: mcp is proven by its conformance rig, not recorded here	named gap on the golden, never owed
mcp|streamable-http|client|server|notifications/resources/updated|malformed	SKIP	UNSUPPORTED: mcp is proven by its conformance rig, not recorded here	named gap on the golden, never owed
mcp|streamable-http|client|server|notifications/resources/updated|ok	SKIP	UNSUPPORTED: mcp is proven by its conformance rig, not recorded here	named gap on the golden, never owed
mcp|streamable-http|client|server|notifications/resources/updated|out_of_scope	SKIP	UNSUPPORTED: mcp is proven by its conformance rig, not recorded here	named gap on the golden, never owed
mcp|streamable-http|client|server|notifications/resources/updated|over_budget	SKIP	UNSUPPORTED: mcp is proven by its conformance rig, not recorded here	named gap on the golden, never owed
mcp|streamable-http|client|server|notifications/resources/updated|unauthenticated	SKIP	UNSUPPORTED: mcp is proven by its conformance rig, not recorded here	named gap on the golden, never owed
mcp|streamable-http|client|server|notifications/resources/updated|upstream_down	SKIP	UNSUPPORTED: mcp is proven by its conformance rig, not recorded here	named gap on the golden, never owed
mcp|streamable-http|client|server|notifications/subscriptions/acknowledged|malformed	SKIP	UNSUPPORTED: mcp is proven by its conformance rig, not recorded here	named gap on the golden, never owed
mcp|streamable-http|client|server|notifications/subscriptions/acknowledged|ok	SKIP	UNSUPPORTED: mcp is proven by its conformance rig, not recorded here	named gap on the golden, never owed
mcp|streamable-http|client|server|notifications/subscriptions/acknowledged|out_of_scope	SKIP	UNSUPPORTED: mcp is proven by its conformance rig, not recorded here	named gap on the golden, never owed
mcp|streamable-http|client|server|notifications/subscriptions/acknowledged|over_budget	SKIP	UNSUPPORTED: mcp is proven by its conformance rig, not recorded here	named gap on the golden, never owed
mcp|streamable-http|client|server|notifications/subscriptions/acknowledged|unauthenticated	SKIP	UNSUPPORTED: mcp is proven by its conformance rig, not recorded here	named gap on the golden, never owed
mcp|streamable-http|client|server|notifications/subscriptions/acknowledged|upstream_down	SKIP	UNSUPPORTED: mcp is proven by its conformance rig, not recorded here	named gap on the golden, never owed
mcp|streamable-http|client|server|notifications/tasks|malformed	SKIP	UNSUPPORTED: mcp is proven by its conformance rig, not recorded here	named gap on the golden, never owed
mcp|streamable-http|client|server|notifications/tasks|ok	SKIP	UNSUPPORTED: mcp is proven by its conformance rig, not recorded here	named gap on the golden, never owed
mcp|streamable-http|client|server|notifications/tasks|out_of_scope	SKIP	UNSUPPORTED: mcp is proven by its conformance rig, not recorded here	named gap on the golden, never owed
mcp|streamable-http|client|server|notifications/tasks|over_budget	SKIP	UNSUPPORTED: mcp is proven by its conformance rig, not recorded here	named gap on the golden, never owed
mcp|streamable-http|client|server|notifications/tasks|unauthenticated	SKIP	UNSUPPORTED: mcp is proven by its conformance rig, not recorded here	named gap on the golden, never owed
mcp|streamable-http|client|server|notifications/tasks|upstream_down	SKIP	UNSUPPORTED: mcp is proven by its conformance rig, not recorded here	named gap on the golden, never owed
mcp|streamable-http|client|server|notifications/tools/list_changed|malformed	SKIP	UNSUPPORTED: mcp is proven by its conformance rig, not recorded here	named gap on the golden, never owed
mcp|streamable-http|client|server|notifications/tools/list_changed|ok	SKIP	UNSUPPORTED: mcp is proven by its conformance rig, not recorded here	named gap on the golden, never owed
mcp|streamable-http|client|server|notifications/tools/list_changed|out_of_scope	SKIP	UNSUPPORTED: mcp is proven by its conformance rig, not recorded here	named gap on the golden, never owed
mcp|streamable-http|client|server|notifications/tools/list_changed|over_budget	SKIP	UNSUPPORTED: mcp is proven by its conformance rig, not recorded here	named gap on the golden, never owed
mcp|streamable-http|client|server|notifications/tools/list_changed|unauthenticated	SKIP	UNSUPPORTED: mcp is proven by its conformance rig, not recorded here	named gap on the golden, never owed
mcp|streamable-http|client|server|notifications/tools/list_changed|upstream_down	SKIP	UNSUPPORTED: mcp is proven by its conformance rig, not recorded here	named gap on the golden, never owed
mcp|streamable-http|client|server|ping|malformed	SKIP	UNSUPPORTED: mcp is proven by its conformance rig, not recorded here	named gap on the golden, never owed
mcp|streamable-http|client|server|ping|ok	SKIP	UNSUPPORTED: mcp is proven by its conformance rig, not recorded here	named gap on the golden, never owed
mcp|streamable-http|client|server|ping|out_of_scope	SKIP	UNSUPPORTED: mcp is proven by its conformance rig, not recorded here	named gap on the golden, never owed
mcp|streamable-http|client|server|ping|over_budget	SKIP	UNSUPPORTED: mcp is proven by its conformance rig, not recorded here	named gap on the golden, never owed
mcp|streamable-http|client|server|ping|unauthenticated	SKIP	UNSUPPORTED: mcp is proven by its conformance rig, not recorded here	named gap on the golden, never owed
mcp|streamable-http|client|server|ping|upstream_down	SKIP	UNSUPPORTED: mcp is proven by its conformance rig, not recorded here	named gap on the golden, never owed
mcp|streamable-http|client|server|roots/list|malformed	SKIP	UNSUPPORTED: mcp is proven by its conformance rig, not recorded here	named gap on the golden, never owed
mcp|streamable-http|client|server|roots/list|ok	SKIP	UNSUPPORTED: mcp is proven by its conformance rig, not recorded here	named gap on the golden, never owed
mcp|streamable-http|client|server|roots/list|out_of_scope	SKIP	UNSUPPORTED: mcp is proven by its conformance rig, not recorded here	named gap on the golden, never owed
mcp|streamable-http|client|server|roots/list|over_budget	SKIP	UNSUPPORTED: mcp is proven by its conformance rig, not recorded here	named gap on the golden, never owed
mcp|streamable-http|client|server|roots/list|unauthenticated	SKIP	UNSUPPORTED: mcp is proven by its conformance rig, not recorded here	named gap on the golden, never owed
mcp|streamable-http|client|server|roots/list|upstream_down	SKIP	UNSUPPORTED: mcp is proven by its conformance rig, not recorded here	named gap on the golden, never owed
mcp|streamable-http|client|server|sampling/createMessage|malformed	SKIP	UNSUPPORTED: mcp is proven by its conformance rig, not recorded here	named gap on the golden, never owed
mcp|streamable-http|client|server|sampling/createMessage|ok	SKIP	UNSUPPORTED: mcp is proven by its conformance rig, not recorded here	named gap on the golden, never owed
mcp|streamable-http|client|server|sampling/createMessage|out_of_scope	SKIP	UNSUPPORTED: mcp is proven by its conformance rig, not recorded here	named gap on the golden, never owed
mcp|streamable-http|client|server|sampling/createMessage|over_budget	SKIP	UNSUPPORTED: mcp is proven by its conformance rig, not recorded here	named gap on the golden, never owed
mcp|streamable-http|client|server|sampling/createMessage|unauthenticated	SKIP	UNSUPPORTED: mcp is proven by its conformance rig, not recorded here	named gap on the golden, never owed
mcp|streamable-http|client|server|sampling/createMessage|upstream_down	SKIP	UNSUPPORTED: mcp is proven by its conformance rig, not recorded here	named gap on the golden, never owed
mcp|streamable-http|server|client|DELETE /mcp (terminate session)|malformed	SKIP	UNSUPPORTED: mcp is proven by its conformance rig, not recorded here	named gap on the golden, never owed
mcp|streamable-http|server|client|DELETE /mcp (terminate session)|ok	SKIP	UNSUPPORTED: mcp is proven by its conformance rig, not recorded here	named gap on the golden, never owed
mcp|streamable-http|server|client|DELETE /mcp (terminate session)|out_of_scope	SKIP	UNSUPPORTED: mcp is proven by its conformance rig, not recorded here	named gap on the golden, never owed
mcp|streamable-http|server|client|DELETE /mcp (terminate session)|over_budget	SKIP	UNSUPPORTED: mcp is proven by its conformance rig, not recorded here	named gap on the golden, never owed
mcp|streamable-http|server|client|DELETE /mcp (terminate session)|unauthenticated	SKIP	UNSUPPORTED: mcp is proven by its conformance rig, not recorded here	named gap on the golden, never owed
mcp|streamable-http|server|client|DELETE /mcp (terminate session)|upstream_down	SKIP	UNSUPPORTED: mcp is proven by its conformance rig, not recorded here	named gap on the golden, never owed
mcp|streamable-http|server|client|GET /mcp (open SSE stream)|malformed	SKIP	UNSUPPORTED: mcp is proven by its conformance rig, not recorded here	named gap on the golden, never owed
mcp|streamable-http|server|client|GET /mcp (open SSE stream)|ok	SKIP	UNSUPPORTED: mcp is proven by its conformance rig, not recorded here	named gap on the golden, never owed
mcp|streamable-http|server|client|GET /mcp (open SSE stream)|out_of_scope	SKIP	UNSUPPORTED: mcp is proven by its conformance rig, not recorded here	named gap on the golden, never owed
mcp|streamable-http|server|client|GET /mcp (open SSE stream)|over_budget	SKIP	UNSUPPORTED: mcp is proven by its conformance rig, not recorded here	named gap on the golden, never owed
mcp|streamable-http|server|client|GET /mcp (open SSE stream)|unauthenticated	SKIP	UNSUPPORTED: mcp is proven by its conformance rig, not recorded here	named gap on the golden, never owed
mcp|streamable-http|server|client|GET /mcp (open SSE stream)|upstream_down	SKIP	UNSUPPORTED: mcp is proven by its conformance rig, not recorded here	named gap on the golden, never owed
mcp|streamable-http|server|client|completion/complete|malformed	SKIP	UNSUPPORTED: mcp is proven by its conformance rig, not recorded here	named gap on the golden, never owed
mcp|streamable-http|server|client|completion/complete|ok	SKIP	UNSUPPORTED: mcp is proven by its conformance rig, not recorded here	named gap on the golden, never owed
mcp|streamable-http|server|client|completion/complete|out_of_scope	SKIP	UNSUPPORTED: mcp is proven by its conformance rig, not recorded here	named gap on the golden, never owed
mcp|streamable-http|server|client|completion/complete|over_budget	SKIP	UNSUPPORTED: mcp is proven by its conformance rig, not recorded here	named gap on the golden, never owed
mcp|streamable-http|server|client|completion/complete|unauthenticated	SKIP	UNSUPPORTED: mcp is proven by its conformance rig, not recorded here	named gap on the golden, never owed
mcp|streamable-http|server|client|completion/complete|upstream_down	SKIP	UNSUPPORTED: mcp is proven by its conformance rig, not recorded here	named gap on the golden, never owed
mcp|streamable-http|server|client|initialize|malformed	SKIP	UNSUPPORTED: mcp is proven by its conformance rig, not recorded here	named gap on the golden, never owed
mcp|streamable-http|server|client|initialize|ok	SKIP	UNSUPPORTED: mcp is proven by its conformance rig, not recorded here	named gap on the golden, never owed
mcp|streamable-http|server|client|initialize|out_of_scope	SKIP	UNSUPPORTED: mcp is proven by its conformance rig, not recorded here	named gap on the golden, never owed
mcp|streamable-http|server|client|initialize|over_budget	SKIP	UNSUPPORTED: mcp is proven by its conformance rig, not recorded here	named gap on the golden, never owed
mcp|streamable-http|server|client|initialize|unauthenticated	SKIP	UNSUPPORTED: mcp is proven by its conformance rig, not recorded here	named gap on the golden, never owed
mcp|streamable-http|server|client|initialize|upstream_down	SKIP	UNSUPPORTED: mcp is proven by its conformance rig, not recorded here	named gap on the golden, never owed
mcp|streamable-http|server|client|logging/setLevel|malformed	SKIP	UNSUPPORTED: mcp is proven by its conformance rig, not recorded here	named gap on the golden, never owed
mcp|streamable-http|server|client|logging/setLevel|ok	SKIP	UNSUPPORTED: mcp is proven by its conformance rig, not recorded here	named gap on the golden, never owed
mcp|streamable-http|server|client|logging/setLevel|out_of_scope	SKIP	UNSUPPORTED: mcp is proven by its conformance rig, not recorded here	named gap on the golden, never owed
mcp|streamable-http|server|client|logging/setLevel|over_budget	SKIP	UNSUPPORTED: mcp is proven by its conformance rig, not recorded here	named gap on the golden, never owed
mcp|streamable-http|server|client|logging/setLevel|unauthenticated	SKIP	UNSUPPORTED: mcp is proven by its conformance rig, not recorded here	named gap on the golden, never owed
mcp|streamable-http|server|client|logging/setLevel|upstream_down	SKIP	UNSUPPORTED: mcp is proven by its conformance rig, not recorded here	named gap on the golden, never owed
mcp|streamable-http|server|client|notifications/cancelled|malformed	SKIP	UNSUPPORTED: mcp is proven by its conformance rig, not recorded here	named gap on the golden, never owed
mcp|streamable-http|server|client|notifications/cancelled|ok	SKIP	UNSUPPORTED: mcp is proven by its conformance rig, not recorded here	named gap on the golden, never owed
mcp|streamable-http|server|client|notifications/cancelled|out_of_scope	SKIP	UNSUPPORTED: mcp is proven by its conformance rig, not recorded here	named gap on the golden, never owed
mcp|streamable-http|server|client|notifications/cancelled|over_budget	SKIP	UNSUPPORTED: mcp is proven by its conformance rig, not recorded here	named gap on the golden, never owed
mcp|streamable-http|server|client|notifications/cancelled|unauthenticated	SKIP	UNSUPPORTED: mcp is proven by its conformance rig, not recorded here	named gap on the golden, never owed
mcp|streamable-http|server|client|notifications/cancelled|upstream_down	SKIP	UNSUPPORTED: mcp is proven by its conformance rig, not recorded here	named gap on the golden, never owed
mcp|streamable-http|server|client|notifications/elicitation/response|malformed	SKIP	UNSUPPORTED: mcp is proven by its conformance rig, not recorded here	named gap on the golden, never owed
mcp|streamable-http|server|client|notifications/elicitation/response|ok	SKIP	UNSUPPORTED: mcp is proven by its conformance rig, not recorded here	named gap on the golden, never owed
mcp|streamable-http|server|client|notifications/elicitation/response|out_of_scope	SKIP	UNSUPPORTED: mcp is proven by its conformance rig, not recorded here	named gap on the golden, never owed
mcp|streamable-http|server|client|notifications/elicitation/response|over_budget	SKIP	UNSUPPORTED: mcp is proven by its conformance rig, not recorded here	named gap on the golden, never owed
mcp|streamable-http|server|client|notifications/elicitation/response|unauthenticated	SKIP	UNSUPPORTED: mcp is proven by its conformance rig, not recorded here	named gap on the golden, never owed
mcp|streamable-http|server|client|notifications/elicitation/response|upstream_down	SKIP	UNSUPPORTED: mcp is proven by its conformance rig, not recorded here	named gap on the golden, never owed
mcp|streamable-http|server|client|notifications/initialized|malformed	SKIP	UNSUPPORTED: mcp is proven by its conformance rig, not recorded here	named gap on the golden, never owed
mcp|streamable-http|server|client|notifications/initialized|ok	SKIP	UNSUPPORTED: mcp is proven by its conformance rig, not recorded here	named gap on the golden, never owed
mcp|streamable-http|server|client|notifications/initialized|out_of_scope	SKIP	UNSUPPORTED: mcp is proven by its conformance rig, not recorded here	named gap on the golden, never owed
mcp|streamable-http|server|client|notifications/initialized|over_budget	SKIP	UNSUPPORTED: mcp is proven by its conformance rig, not recorded here	named gap on the golden, never owed
mcp|streamable-http|server|client|notifications/initialized|unauthenticated	SKIP	UNSUPPORTED: mcp is proven by its conformance rig, not recorded here	named gap on the golden, never owed
mcp|streamable-http|server|client|notifications/initialized|upstream_down	SKIP	UNSUPPORTED: mcp is proven by its conformance rig, not recorded here	named gap on the golden, never owed
mcp|streamable-http|server|client|notifications/progress|malformed	SKIP	UNSUPPORTED: mcp is proven by its conformance rig, not recorded here	named gap on the golden, never owed
mcp|streamable-http|server|client|notifications/progress|ok	SKIP	UNSUPPORTED: mcp is proven by its conformance rig, not recorded here	named gap on the golden, never owed
mcp|streamable-http|server|client|notifications/progress|out_of_scope	SKIP	UNSUPPORTED: mcp is proven by its conformance rig, not recorded here	named gap on the golden, never owed
mcp|streamable-http|server|client|notifications/progress|over_budget	SKIP	UNSUPPORTED: mcp is proven by its conformance rig, not recorded here	named gap on the golden, never owed
mcp|streamable-http|server|client|notifications/progress|unauthenticated	SKIP	UNSUPPORTED: mcp is proven by its conformance rig, not recorded here	named gap on the golden, never owed
mcp|streamable-http|server|client|notifications/progress|upstream_down	SKIP	UNSUPPORTED: mcp is proven by its conformance rig, not recorded here	named gap on the golden, never owed
mcp|streamable-http|server|client|notifications/roots/list_changed|malformed	SKIP	UNSUPPORTED: mcp is proven by its conformance rig, not recorded here	named gap on the golden, never owed
mcp|streamable-http|server|client|notifications/roots/list_changed|ok	SKIP	UNSUPPORTED: mcp is proven by its conformance rig, not recorded here	named gap on the golden, never owed
mcp|streamable-http|server|client|notifications/roots/list_changed|out_of_scope	SKIP	UNSUPPORTED: mcp is proven by its conformance rig, not recorded here	named gap on the golden, never owed
mcp|streamable-http|server|client|notifications/roots/list_changed|over_budget	SKIP	UNSUPPORTED: mcp is proven by its conformance rig, not recorded here	named gap on the golden, never owed
mcp|streamable-http|server|client|notifications/roots/list_changed|unauthenticated	SKIP	UNSUPPORTED: mcp is proven by its conformance rig, not recorded here	named gap on the golden, never owed
mcp|streamable-http|server|client|notifications/roots/list_changed|upstream_down	SKIP	UNSUPPORTED: mcp is proven by its conformance rig, not recorded here	named gap on the golden, never owed
mcp|streamable-http|server|client|ping|malformed	SKIP	UNSUPPORTED: mcp is proven by its conformance rig, not recorded here	named gap on the golden, never owed
mcp|streamable-http|server|client|ping|ok	SKIP	UNSUPPORTED: mcp is proven by its conformance rig, not recorded here	named gap on the golden, never owed
mcp|streamable-http|server|client|ping|out_of_scope	SKIP	UNSUPPORTED: mcp is proven by its conformance rig, not recorded here	named gap on the golden, never owed
mcp|streamable-http|server|client|ping|over_budget	SKIP	UNSUPPORTED: mcp is proven by its conformance rig, not recorded here	named gap on the golden, never owed
mcp|streamable-http|server|client|ping|unauthenticated	SKIP	UNSUPPORTED: mcp is proven by its conformance rig, not recorded here	named gap on the golden, never owed
mcp|streamable-http|server|client|ping|upstream_down	SKIP	UNSUPPORTED: mcp is proven by its conformance rig, not recorded here	named gap on the golden, never owed
mcp|streamable-http|server|client|prompts/get|malformed	SKIP	UNSUPPORTED: mcp is proven by its conformance rig, not recorded here	named gap on the golden, never owed
mcp|streamable-http|server|client|prompts/get|ok	SKIP	UNSUPPORTED: mcp is proven by its conformance rig, not recorded here	named gap on the golden, never owed
mcp|streamable-http|server|client|prompts/get|out_of_scope	SKIP	UNSUPPORTED: mcp is proven by its conformance rig, not recorded here	named gap on the golden, never owed
mcp|streamable-http|server|client|prompts/get|over_budget	SKIP	UNSUPPORTED: mcp is proven by its conformance rig, not recorded here	named gap on the golden, never owed
mcp|streamable-http|server|client|prompts/get|unauthenticated	SKIP	UNSUPPORTED: mcp is proven by its conformance rig, not recorded here	named gap on the golden, never owed
mcp|streamable-http|server|client|prompts/get|upstream_down	SKIP	UNSUPPORTED: mcp is proven by its conformance rig, not recorded here	named gap on the golden, never owed
mcp|streamable-http|server|client|prompts/list|malformed	SKIP	UNSUPPORTED: mcp is proven by its conformance rig, not recorded here	named gap on the golden, never owed
mcp|streamable-http|server|client|prompts/list|ok	SKIP	UNSUPPORTED: mcp is proven by its conformance rig, not recorded here	named gap on the golden, never owed
mcp|streamable-http|server|client|prompts/list|out_of_scope	SKIP	UNSUPPORTED: mcp is proven by its conformance rig, not recorded here	named gap on the golden, never owed
mcp|streamable-http|server|client|prompts/list|over_budget	SKIP	UNSUPPORTED: mcp is proven by its conformance rig, not recorded here	named gap on the golden, never owed
mcp|streamable-http|server|client|prompts/list|unauthenticated	SKIP	UNSUPPORTED: mcp is proven by its conformance rig, not recorded here	named gap on the golden, never owed
mcp|streamable-http|server|client|prompts/list|upstream_down	SKIP	UNSUPPORTED: mcp is proven by its conformance rig, not recorded here	named gap on the golden, never owed
mcp|streamable-http|server|client|resources/list|malformed	SKIP	UNSUPPORTED: mcp is proven by its conformance rig, not recorded here	named gap on the golden, never owed
mcp|streamable-http|server|client|resources/list|ok	SKIP	UNSUPPORTED: mcp is proven by its conformance rig, not recorded here	named gap on the golden, never owed
mcp|streamable-http|server|client|resources/list|out_of_scope	SKIP	UNSUPPORTED: mcp is proven by its conformance rig, not recorded here	named gap on the golden, never owed
mcp|streamable-http|server|client|resources/list|over_budget	SKIP	UNSUPPORTED: mcp is proven by its conformance rig, not recorded here	named gap on the golden, never owed
mcp|streamable-http|server|client|resources/list|unauthenticated	SKIP	UNSUPPORTED: mcp is proven by its conformance rig, not recorded here	named gap on the golden, never owed
mcp|streamable-http|server|client|resources/list|upstream_down	SKIP	UNSUPPORTED: mcp is proven by its conformance rig, not recorded here	named gap on the golden, never owed
mcp|streamable-http|server|client|resources/read|malformed	SKIP	UNSUPPORTED: mcp is proven by its conformance rig, not recorded here	named gap on the golden, never owed
mcp|streamable-http|server|client|resources/read|ok	SKIP	UNSUPPORTED: mcp is proven by its conformance rig, not recorded here	named gap on the golden, never owed
mcp|streamable-http|server|client|resources/read|out_of_scope	SKIP	UNSUPPORTED: mcp is proven by its conformance rig, not recorded here	named gap on the golden, never owed
mcp|streamable-http|server|client|resources/read|over_budget	SKIP	UNSUPPORTED: mcp is proven by its conformance rig, not recorded here	named gap on the golden, never owed
mcp|streamable-http|server|client|resources/read|unauthenticated	SKIP	UNSUPPORTED: mcp is proven by its conformance rig, not recorded here	named gap on the golden, never owed
mcp|streamable-http|server|client|resources/read|upstream_down	SKIP	UNSUPPORTED: mcp is proven by its conformance rig, not recorded here	named gap on the golden, never owed
mcp|streamable-http|server|client|resources/subscribe|malformed	SKIP	UNSUPPORTED: mcp is proven by its conformance rig, not recorded here	named gap on the golden, never owed
mcp|streamable-http|server|client|resources/subscribe|ok	SKIP	UNSUPPORTED: mcp is proven by its conformance rig, not recorded here	named gap on the golden, never owed
mcp|streamable-http|server|client|resources/subscribe|out_of_scope	SKIP	UNSUPPORTED: mcp is proven by its conformance rig, not recorded here	named gap on the golden, never owed
mcp|streamable-http|server|client|resources/subscribe|over_budget	SKIP	UNSUPPORTED: mcp is proven by its conformance rig, not recorded here	named gap on the golden, never owed
mcp|streamable-http|server|client|resources/subscribe|unauthenticated	SKIP	UNSUPPORTED: mcp is proven by its conformance rig, not recorded here	named gap on the golden, never owed
mcp|streamable-http|server|client|resources/subscribe|upstream_down	SKIP	UNSUPPORTED: mcp is proven by its conformance rig, not recorded here	named gap on the golden, never owed
mcp|streamable-http|server|client|resources/templates/list|malformed	SKIP	UNSUPPORTED: mcp is proven by its conformance rig, not recorded here	named gap on the golden, never owed
mcp|streamable-http|server|client|resources/templates/list|ok	SKIP	UNSUPPORTED: mcp is proven by its conformance rig, not recorded here	named gap on the golden, never owed
mcp|streamable-http|server|client|resources/templates/list|out_of_scope	SKIP	UNSUPPORTED: mcp is proven by its conformance rig, not recorded here	named gap on the golden, never owed
mcp|streamable-http|server|client|resources/templates/list|over_budget	SKIP	UNSUPPORTED: mcp is proven by its conformance rig, not recorded here	named gap on the golden, never owed
mcp|streamable-http|server|client|resources/templates/list|unauthenticated	SKIP	UNSUPPORTED: mcp is proven by its conformance rig, not recorded here	named gap on the golden, never owed
mcp|streamable-http|server|client|resources/templates/list|upstream_down	SKIP	UNSUPPORTED: mcp is proven by its conformance rig, not recorded here	named gap on the golden, never owed
mcp|streamable-http|server|client|resources/unsubscribe|malformed	SKIP	UNSUPPORTED: mcp is proven by its conformance rig, not recorded here	named gap on the golden, never owed
mcp|streamable-http|server|client|resources/unsubscribe|ok	SKIP	UNSUPPORTED: mcp is proven by its conformance rig, not recorded here	named gap on the golden, never owed
mcp|streamable-http|server|client|resources/unsubscribe|out_of_scope	SKIP	UNSUPPORTED: mcp is proven by its conformance rig, not recorded here	named gap on the golden, never owed
mcp|streamable-http|server|client|resources/unsubscribe|over_budget	SKIP	UNSUPPORTED: mcp is proven by its conformance rig, not recorded here	named gap on the golden, never owed
mcp|streamable-http|server|client|resources/unsubscribe|unauthenticated	SKIP	UNSUPPORTED: mcp is proven by its conformance rig, not recorded here	named gap on the golden, never owed
mcp|streamable-http|server|client|resources/unsubscribe|upstream_down	SKIP	UNSUPPORTED: mcp is proven by its conformance rig, not recorded here	named gap on the golden, never owed
mcp|streamable-http|server|client|server/discover|malformed	SKIP	UNSUPPORTED: mcp is proven by its conformance rig, not recorded here	named gap on the golden, never owed
mcp|streamable-http|server|client|server/discover|ok	SKIP	UNSUPPORTED: mcp is proven by its conformance rig, not recorded here	named gap on the golden, never owed
mcp|streamable-http|server|client|server/discover|out_of_scope	SKIP	UNSUPPORTED: mcp is proven by its conformance rig, not recorded here	named gap on the golden, never owed
mcp|streamable-http|server|client|server/discover|over_budget	SKIP	UNSUPPORTED: mcp is proven by its conformance rig, not recorded here	named gap on the golden, never owed
mcp|streamable-http|server|client|server/discover|unauthenticated	SKIP	UNSUPPORTED: mcp is proven by its conformance rig, not recorded here	named gap on the golden, never owed
mcp|streamable-http|server|client|server/discover|upstream_down	SKIP	UNSUPPORTED: mcp is proven by its conformance rig, not recorded here	named gap on the golden, never owed
mcp|streamable-http|server|client|subscriptions/listen|malformed	SKIP	UNSUPPORTED: mcp is proven by its conformance rig, not recorded here	named gap on the golden, never owed
mcp|streamable-http|server|client|subscriptions/listen|ok	SKIP	UNSUPPORTED: mcp is proven by its conformance rig, not recorded here	named gap on the golden, never owed
mcp|streamable-http|server|client|subscriptions/listen|out_of_scope	SKIP	UNSUPPORTED: mcp is proven by its conformance rig, not recorded here	named gap on the golden, never owed
mcp|streamable-http|server|client|subscriptions/listen|over_budget	SKIP	UNSUPPORTED: mcp is proven by its conformance rig, not recorded here	named gap on the golden, never owed
mcp|streamable-http|server|client|subscriptions/listen|unauthenticated	SKIP	UNSUPPORTED: mcp is proven by its conformance rig, not recorded here	named gap on the golden, never owed
mcp|streamable-http|server|client|subscriptions/listen|upstream_down	SKIP	UNSUPPORTED: mcp is proven by its conformance rig, not recorded here	named gap on the golden, never owed
mcp|streamable-http|server|client|tasks/cancel|malformed	SKIP	UNSUPPORTED: mcp is proven by its conformance rig, not recorded here	named gap on the golden, never owed
mcp|streamable-http|server|client|tasks/cancel|ok	SKIP	UNSUPPORTED: mcp is proven by its conformance rig, not recorded here	named gap on the golden, never owed
mcp|streamable-http|server|client|tasks/cancel|out_of_scope	SKIP	UNSUPPORTED: mcp is proven by its conformance rig, not recorded here	named gap on the golden, never owed
mcp|streamable-http|server|client|tasks/cancel|over_budget	SKIP	UNSUPPORTED: mcp is proven by its conformance rig, not recorded here	named gap on the golden, never owed
mcp|streamable-http|server|client|tasks/cancel|unauthenticated	SKIP	UNSUPPORTED: mcp is proven by its conformance rig, not recorded here	named gap on the golden, never owed
mcp|streamable-http|server|client|tasks/cancel|upstream_down	SKIP	UNSUPPORTED: mcp is proven by its conformance rig, not recorded here	named gap on the golden, never owed
mcp|streamable-http|server|client|tasks/get|malformed	SKIP	UNSUPPORTED: mcp is proven by its conformance rig, not recorded here	named gap on the golden, never owed
mcp|streamable-http|server|client|tasks/get|ok	SKIP	UNSUPPORTED: mcp is proven by its conformance rig, not recorded here	named gap on the golden, never owed
mcp|streamable-http|server|client|tasks/get|out_of_scope	SKIP	UNSUPPORTED: mcp is proven by its conformance rig, not recorded here	named gap on the golden, never owed
mcp|streamable-http|server|client|tasks/get|over_budget	SKIP	UNSUPPORTED: mcp is proven by its conformance rig, not recorded here	named gap on the golden, never owed
mcp|streamable-http|server|client|tasks/get|unauthenticated	SKIP	UNSUPPORTED: mcp is proven by its conformance rig, not recorded here	named gap on the golden, never owed
mcp|streamable-http|server|client|tasks/get|upstream_down	SKIP	UNSUPPORTED: mcp is proven by its conformance rig, not recorded here	named gap on the golden, never owed
mcp|streamable-http|server|client|tasks/update|malformed	SKIP	UNSUPPORTED: mcp is proven by its conformance rig, not recorded here	named gap on the golden, never owed
mcp|streamable-http|server|client|tasks/update|ok	SKIP	UNSUPPORTED: mcp is proven by its conformance rig, not recorded here	named gap on the golden, never owed
mcp|streamable-http|server|client|tasks/update|out_of_scope	SKIP	UNSUPPORTED: mcp is proven by its conformance rig, not recorded here	named gap on the golden, never owed
mcp|streamable-http|server|client|tasks/update|over_budget	SKIP	UNSUPPORTED: mcp is proven by its conformance rig, not recorded here	named gap on the golden, never owed
mcp|streamable-http|server|client|tasks/update|unauthenticated	SKIP	UNSUPPORTED: mcp is proven by its conformance rig, not recorded here	named gap on the golden, never owed
mcp|streamable-http|server|client|tasks/update|upstream_down	SKIP	UNSUPPORTED: mcp is proven by its conformance rig, not recorded here	named gap on the golden, never owed
mcp|streamable-http|server|client|tools/call|malformed	SKIP	UNSUPPORTED: mcp is proven by its conformance rig, not recorded here	named gap on the golden, never owed
mcp|streamable-http|server|client|tools/call|ok	SKIP	UNSUPPORTED: mcp is proven by its conformance rig, not recorded here	named gap on the golden, never owed
mcp|streamable-http|server|client|tools/call|out_of_scope	SKIP	UNSUPPORTED: mcp is proven by its conformance rig, not recorded here	named gap on the golden, never owed
mcp|streamable-http|server|client|tools/call|over_budget	SKIP	UNSUPPORTED: mcp is proven by its conformance rig, not recorded here	named gap on the golden, never owed
mcp|streamable-http|server|client|tools/call|unauthenticated	SKIP	UNSUPPORTED: mcp is proven by its conformance rig, not recorded here	named gap on the golden, never owed
mcp|streamable-http|server|client|tools/call|upstream_down	SKIP	UNSUPPORTED: mcp is proven by its conformance rig, not recorded here	named gap on the golden, never owed
mcp|streamable-http|server|client|tools/list|malformed	SKIP	UNSUPPORTED: mcp is proven by its conformance rig, not recorded here	named gap on the golden, never owed
mcp|streamable-http|server|client|tools/list|ok	SKIP	UNSUPPORTED: mcp is proven by its conformance rig, not recorded here	named gap on the golden, never owed
mcp|streamable-http|server|client|tools/list|out_of_scope	SKIP	UNSUPPORTED: mcp is proven by its conformance rig, not recorded here	named gap on the golden, never owed
mcp|streamable-http|server|client|tools/list|over_budget	SKIP	UNSUPPORTED: mcp is proven by its conformance rig, not recorded here	named gap on the golden, never owed
mcp|streamable-http|server|client|tools/list|unauthenticated	SKIP	UNSUPPORTED: mcp is proven by its conformance rig, not recorded here	named gap on the golden, never owed
mcp|streamable-http|server|client|tools/list|upstream_down	SKIP	UNSUPPORTED: mcp is proven by its conformance rig, not recorded here	named gap on the golden, never owed
mcp|streamable-http|server|server|elicitation/create|malformed	SKIP	UNSUPPORTED: mcp is proven by its conformance rig, not recorded here	named gap on the golden, never owed
mcp|streamable-http|server|server|elicitation/create|ok	SKIP	UNSUPPORTED: mcp is proven by its conformance rig, not recorded here	named gap on the golden, never owed
mcp|streamable-http|server|server|elicitation/create|out_of_scope	SKIP	UNSUPPORTED: mcp is proven by its conformance rig, not recorded here	named gap on the golden, never owed
mcp|streamable-http|server|server|elicitation/create|over_budget	SKIP	UNSUPPORTED: mcp is proven by its conformance rig, not recorded here	named gap on the golden, never owed
mcp|streamable-http|server|server|elicitation/create|unauthenticated	SKIP	UNSUPPORTED: mcp is proven by its conformance rig, not recorded here	named gap on the golden, never owed
mcp|streamable-http|server|server|elicitation/create|upstream_down	SKIP	UNSUPPORTED: mcp is proven by its conformance rig, not recorded here	named gap on the golden, never owed
mcp|streamable-http|server|server|notifications/cancelled|malformed	SKIP	UNSUPPORTED: mcp is proven by its conformance rig, not recorded here	named gap on the golden, never owed
mcp|streamable-http|server|server|notifications/cancelled|ok	SKIP	UNSUPPORTED: mcp is proven by its conformance rig, not recorded here	named gap on the golden, never owed
mcp|streamable-http|server|server|notifications/cancelled|out_of_scope	SKIP	UNSUPPORTED: mcp is proven by its conformance rig, not recorded here	named gap on the golden, never owed
mcp|streamable-http|server|server|notifications/cancelled|over_budget	SKIP	UNSUPPORTED: mcp is proven by its conformance rig, not recorded here	named gap on the golden, never owed
mcp|streamable-http|server|server|notifications/cancelled|unauthenticated	SKIP	UNSUPPORTED: mcp is proven by its conformance rig, not recorded here	named gap on the golden, never owed
mcp|streamable-http|server|server|notifications/cancelled|upstream_down	SKIP	UNSUPPORTED: mcp is proven by its conformance rig, not recorded here	named gap on the golden, never owed
mcp|streamable-http|server|server|notifications/message|malformed	SKIP	UNSUPPORTED: mcp is proven by its conformance rig, not recorded here	named gap on the golden, never owed
mcp|streamable-http|server|server|notifications/message|ok	SKIP	UNSUPPORTED: mcp is proven by its conformance rig, not recorded here	named gap on the golden, never owed
mcp|streamable-http|server|server|notifications/message|out_of_scope	SKIP	UNSUPPORTED: mcp is proven by its conformance rig, not recorded here	named gap on the golden, never owed
mcp|streamable-http|server|server|notifications/message|over_budget	SKIP	UNSUPPORTED: mcp is proven by its conformance rig, not recorded here	named gap on the golden, never owed
mcp|streamable-http|server|server|notifications/message|unauthenticated	SKIP	UNSUPPORTED: mcp is proven by its conformance rig, not recorded here	named gap on the golden, never owed
mcp|streamable-http|server|server|notifications/message|upstream_down	SKIP	UNSUPPORTED: mcp is proven by its conformance rig, not recorded here	named gap on the golden, never owed
mcp|streamable-http|server|server|notifications/progress|malformed	SKIP	UNSUPPORTED: mcp is proven by its conformance rig, not recorded here	named gap on the golden, never owed
mcp|streamable-http|server|server|notifications/progress|ok	SKIP	UNSUPPORTED: mcp is proven by its conformance rig, not recorded here	named gap on the golden, never owed
mcp|streamable-http|server|server|notifications/progress|out_of_scope	SKIP	UNSUPPORTED: mcp is proven by its conformance rig, not recorded here	named gap on the golden, never owed
mcp|streamable-http|server|server|notifications/progress|over_budget	SKIP	UNSUPPORTED: mcp is proven by its conformance rig, not recorded here	named gap on the golden, never owed
mcp|streamable-http|server|server|notifications/progress|unauthenticated	SKIP	UNSUPPORTED: mcp is proven by its conformance rig, not recorded here	named gap on the golden, never owed
mcp|streamable-http|server|server|notifications/progress|upstream_down	SKIP	UNSUPPORTED: mcp is proven by its conformance rig, not recorded here	named gap on the golden, never owed
mcp|streamable-http|server|server|notifications/prompts/list_changed|malformed	SKIP	UNSUPPORTED: mcp is proven by its conformance rig, not recorded here	named gap on the golden, never owed
mcp|streamable-http|server|server|notifications/prompts/list_changed|ok	SKIP	UNSUPPORTED: mcp is proven by its conformance rig, not recorded here	named gap on the golden, never owed
mcp|streamable-http|server|server|notifications/prompts/list_changed|out_of_scope	SKIP	UNSUPPORTED: mcp is proven by its conformance rig, not recorded here	named gap on the golden, never owed
mcp|streamable-http|server|server|notifications/prompts/list_changed|over_budget	SKIP	UNSUPPORTED: mcp is proven by its conformance rig, not recorded here	named gap on the golden, never owed
mcp|streamable-http|server|server|notifications/prompts/list_changed|unauthenticated	SKIP	UNSUPPORTED: mcp is proven by its conformance rig, not recorded here	named gap on the golden, never owed
mcp|streamable-http|server|server|notifications/prompts/list_changed|upstream_down	SKIP	UNSUPPORTED: mcp is proven by its conformance rig, not recorded here	named gap on the golden, never owed
mcp|streamable-http|server|server|notifications/resources/list_changed|malformed	SKIP	UNSUPPORTED: mcp is proven by its conformance rig, not recorded here	named gap on the golden, never owed
mcp|streamable-http|server|server|notifications/resources/list_changed|ok	SKIP	UNSUPPORTED: mcp is proven by its conformance rig, not recorded here	named gap on the golden, never owed
mcp|streamable-http|server|server|notifications/resources/list_changed|out_of_scope	SKIP	UNSUPPORTED: mcp is proven by its conformance rig, not recorded here	named gap on the golden, never owed
mcp|streamable-http|server|server|notifications/resources/list_changed|over_budget	SKIP	UNSUPPORTED: mcp is proven by its conformance rig, not recorded here	named gap on the golden, never owed
mcp|streamable-http|server|server|notifications/resources/list_changed|unauthenticated	SKIP	UNSUPPORTED: mcp is proven by its conformance rig, not recorded here	named gap on the golden, never owed
mcp|streamable-http|server|server|notifications/resources/list_changed|upstream_down	SKIP	UNSUPPORTED: mcp is proven by its conformance rig, not recorded here	named gap on the golden, never owed
mcp|streamable-http|server|server|notifications/resources/updated|malformed	SKIP	UNSUPPORTED: mcp is proven by its conformance rig, not recorded here	named gap on the golden, never owed
mcp|streamable-http|server|server|notifications/resources/updated|ok	SKIP	UNSUPPORTED: mcp is proven by its conformance rig, not recorded here	named gap on the golden, never owed
mcp|streamable-http|server|server|notifications/resources/updated|out_of_scope	SKIP	UNSUPPORTED: mcp is proven by its conformance rig, not recorded here	named gap on the golden, never owed
mcp|streamable-http|server|server|notifications/resources/updated|over_budget	SKIP	UNSUPPORTED: mcp is proven by its conformance rig, not recorded here	named gap on the golden, never owed
mcp|streamable-http|server|server|notifications/resources/updated|unauthenticated	SKIP	UNSUPPORTED: mcp is proven by its conformance rig, not recorded here	named gap on the golden, never owed
mcp|streamable-http|server|server|notifications/resources/updated|upstream_down	SKIP	UNSUPPORTED: mcp is proven by its conformance rig, not recorded here	named gap on the golden, never owed
mcp|streamable-http|server|server|notifications/subscriptions/acknowledged|malformed	SKIP	UNSUPPORTED: mcp is proven by its conformance rig, not recorded here	named gap on the golden, never owed
mcp|streamable-http|server|server|notifications/subscriptions/acknowledged|ok	SKIP	UNSUPPORTED: mcp is proven by its conformance rig, not recorded here	named gap on the golden, never owed
mcp|streamable-http|server|server|notifications/subscriptions/acknowledged|out_of_scope	SKIP	UNSUPPORTED: mcp is proven by its conformance rig, not recorded here	named gap on the golden, never owed
mcp|streamable-http|server|server|notifications/subscriptions/acknowledged|over_budget	SKIP	UNSUPPORTED: mcp is proven by its conformance rig, not recorded here	named gap on the golden, never owed
mcp|streamable-http|server|server|notifications/subscriptions/acknowledged|unauthenticated	SKIP	UNSUPPORTED: mcp is proven by its conformance rig, not recorded here	named gap on the golden, never owed
mcp|streamable-http|server|server|notifications/subscriptions/acknowledged|upstream_down	SKIP	UNSUPPORTED: mcp is proven by its conformance rig, not recorded here	named gap on the golden, never owed
mcp|streamable-http|server|server|notifications/tasks|malformed	SKIP	UNSUPPORTED: mcp is proven by its conformance rig, not recorded here	named gap on the golden, never owed
mcp|streamable-http|server|server|notifications/tasks|ok	SKIP	UNSUPPORTED: mcp is proven by its conformance rig, not recorded here	named gap on the golden, never owed
mcp|streamable-http|server|server|notifications/tasks|out_of_scope	SKIP	UNSUPPORTED: mcp is proven by its conformance rig, not recorded here	named gap on the golden, never owed
mcp|streamable-http|server|server|notifications/tasks|over_budget	SKIP	UNSUPPORTED: mcp is proven by its conformance rig, not recorded here	named gap on the golden, never owed
mcp|streamable-http|server|server|notifications/tasks|unauthenticated	SKIP	UNSUPPORTED: mcp is proven by its conformance rig, not recorded here	named gap on the golden, never owed
mcp|streamable-http|server|server|notifications/tasks|upstream_down	SKIP	UNSUPPORTED: mcp is proven by its conformance rig, not recorded here	named gap on the golden, never owed
mcp|streamable-http|server|server|notifications/tools/list_changed|malformed	SKIP	UNSUPPORTED: mcp is proven by its conformance rig, not recorded here	named gap on the golden, never owed
mcp|streamable-http|server|server|notifications/tools/list_changed|ok	SKIP	UNSUPPORTED: mcp is proven by its conformance rig, not recorded here	named gap on the golden, never owed
mcp|streamable-http|server|server|notifications/tools/list_changed|out_of_scope	SKIP	UNSUPPORTED: mcp is proven by its conformance rig, not recorded here	named gap on the golden, never owed
mcp|streamable-http|server|server|notifications/tools/list_changed|over_budget	SKIP	UNSUPPORTED: mcp is proven by its conformance rig, not recorded here	named gap on the golden, never owed
mcp|streamable-http|server|server|notifications/tools/list_changed|unauthenticated	SKIP	UNSUPPORTED: mcp is proven by its conformance rig, not recorded here	named gap on the golden, never owed
mcp|streamable-http|server|server|notifications/tools/list_changed|upstream_down	SKIP	UNSUPPORTED: mcp is proven by its conformance rig, not recorded here	named gap on the golden, never owed
mcp|streamable-http|server|server|ping|malformed	SKIP	UNSUPPORTED: mcp is proven by its conformance rig, not recorded here	named gap on the golden, never owed
mcp|streamable-http|server|server|ping|ok	SKIP	UNSUPPORTED: mcp is proven by its conformance rig, not recorded here	named gap on the golden, never owed
mcp|streamable-http|server|server|ping|out_of_scope	SKIP	UNSUPPORTED: mcp is proven by its conformance rig, not recorded here	named gap on the golden, never owed
mcp|streamable-http|server|server|ping|over_budget	SKIP	UNSUPPORTED: mcp is proven by its conformance rig, not recorded here	named gap on the golden, never owed
mcp|streamable-http|server|server|ping|unauthenticated	SKIP	UNSUPPORTED: mcp is proven by its conformance rig, not recorded here	named gap on the golden, never owed
mcp|streamable-http|server|server|ping|upstream_down	SKIP	UNSUPPORTED: mcp is proven by its conformance rig, not recorded here	named gap on the golden, never owed
mcp|streamable-http|server|server|roots/list|malformed	SKIP	UNSUPPORTED: mcp is proven by its conformance rig, not recorded here	named gap on the golden, never owed
mcp|streamable-http|server|server|roots/list|ok	SKIP	UNSUPPORTED: mcp is proven by its conformance rig, not recorded here	named gap on the golden, never owed
mcp|streamable-http|server|server|roots/list|out_of_scope	SKIP	UNSUPPORTED: mcp is proven by its conformance rig, not recorded here	named gap on the golden, never owed
mcp|streamable-http|server|server|roots/list|over_budget	SKIP	UNSUPPORTED: mcp is proven by its conformance rig, not recorded here	named gap on the golden, never owed
mcp|streamable-http|server|server|roots/list|unauthenticated	SKIP	UNSUPPORTED: mcp is proven by its conformance rig, not recorded here	named gap on the golden, never owed
mcp|streamable-http|server|server|roots/list|upstream_down	SKIP	UNSUPPORTED: mcp is proven by its conformance rig, not recorded here	named gap on the golden, never owed
mcp|streamable-http|server|server|sampling/createMessage|malformed	SKIP	UNSUPPORTED: mcp is proven by its conformance rig, not recorded here	named gap on the golden, never owed
mcp|streamable-http|server|server|sampling/createMessage|ok	SKIP	UNSUPPORTED: mcp is proven by its conformance rig, not recorded here	named gap on the golden, never owed
mcp|streamable-http|server|server|sampling/createMessage|out_of_scope	SKIP	UNSUPPORTED: mcp is proven by its conformance rig, not recorded here	named gap on the golden, never owed
mcp|streamable-http|server|server|sampling/createMessage|over_budget	SKIP	UNSUPPORTED: mcp is proven by its conformance rig, not recorded here	named gap on the golden, never owed
mcp|streamable-http|server|server|sampling/createMessage|unauthenticated	SKIP	UNSUPPORTED: mcp is proven by its conformance rig, not recorded here	named gap on the golden, never owed
mcp|streamable-http|server|server|sampling/createMessage|upstream_down	SKIP	UNSUPPORTED: mcp is proven by its conformance rig, not recorded here	named gap on the golden, never owed
ops.scrape|healthz|admin	PASS	HTTP 200; usage Δ {}	
ops.scrape|healthz|data	PASS	HTTP 200; usage Δ {}	
ops.scrape|metricshooks|key	PASS	HTTP 200; usage Δ {}	
ops.scrape|metrics|admin-listener	PASS	HTTP 401; usage Δ {}	
ops.scrape|metrics|key	PASS	HTTP 200; usage Δ {}	
ops.scrape|metrics|no-ledger-series	PASS	HTTP 200; usage Δ {}	
ops.scrape|metrics|none	PASS	HTTP 401; usage Δ {}	
ops.scrape|stats|key	PASS	HTTP 200; usage Δ {}	
ops.scrape|stats|none	PASS	HTTP 401; usage Δ {}	
ops.scrape|v1betamodels	PASS	HTTP 200; usage Δ {}	
ops.scrape|v1models|anthropic-fp	PASS	HTTP 200; usage Δ {}	
ops.scrape|v1models|none	PASS	HTTP 401; usage Δ {}	
ops.scrape|v1models|openai-fp	PASS	HTTP 200; usage Δ {}	
ops.scrape|v1models|x-api-key	PASS	HTTP 200; usage Δ {}	
plugins.load|auth-github	PASS	script plugin-list.sh: status 0	
plugins.load|auth-ldap	PASS	script plugin-list.sh: status 0	
plugins.load|auth-oidc	PASS	script plugin-list.sh: status 0	
plugins.load|hashicorp-vault	PASS	script plugin-list.sh: status 0	
plugins.load|headroom-hook	PASS	script plugin-list.sh: status 0	
plugins.load|store-mysql	PASS	script plugin-list.sh: status 0	
plugins.load|store-postgres	PASS	script plugin-list.sh: status 0	
plugins.load|store-sqlite	PASS	script plugin-list.sh: status 0	
plugins.load|store-valkey	PASS	script plugin-list.sh: status 0	
plugins.load|webrequest-hook	PASS	script plugin-list.sh: status 0	
plugins.store-persist|store-mysql	SKIP	UNSUPPORTED: validate, boot, mint, spend, restart, read back (PB-11/37/93; persistence is the job)	named gap: the fixture this cell needs is not in the tree yet
plugins.store-persist|store-postgres	SKIP	UNSUPPORTED: validate, boot, mint, spend, restart, read back (PB-11/37/93; persistence is the job)	named gap: the fixture this cell needs is not in the tree yet
plugins.store-persist|store-sqlite	PASS	script store-persist.sh: status 0	
plugins.store-persist|store-valkey	SKIP	UNSUPPORTED: validate, boot, mint, spend, restart, read back (PB-11/37/93; persistence is the job)	named gap: the fixture this cell needs is not in the tree yet
route.failover|fb|all-down	PASS	HTTP 503; usage Δ {"requests":1}	
route.failover|fb|member-401	PASS	HTTP 401; usage Δ {"requests":1}	
route.failover|fb|member-down	PASS	HTTP 200; usage Δ {"requests":1,"spend_cents":250,"tokens":18}	
route.failover|fb|member-down-stream-openai	PASS	HTTP 200; usage Δ {"requests":1,"spend_cents":250,"tokens":18}	
route.failover|fo|all-down	PASS	HTTP 503; usage Δ {"requests":1}	
route.failover|fo|all-down-stream	PASS	HTTP 503; usage Δ {"requests":1}	
route.failover|fo|all-up	PASS	HTTP 200; usage Δ {"requests":1,"spend_cents":250,"tokens":18}	
route.failover|fo|primary-429	PASS	HTTP 200; usage Δ {"requests":1,"spend_cents":250,"tokens":18}	
route.failover|fo|primary-5xx	PASS	HTTP 200; usage Δ {"requests":1,"spend_cents":250,"tokens":18}	
route.failover|fo|primary-cut-body	PASS	HTTP 200; usage Δ {"requests":1}	
route.failover|fo|primary-cut-stream	PASS	HTTP 200; usage Δ {"requests":1}	
route.failover|fo|primary-down	PASS	HTTP 200; usage Δ {"requests":1,"spend_cents":250,"tokens":18}	
route.failover|fo|primary-slow	PASS	HTTP 200; usage Δ {"requests":1,"spend_cents":250,"tokens":18}	
route.failover|fo|second-request-after-trip	PASS	HTTP 200; usage Δ {"requests":1,"spend_cents":250,"tokens":18}	
route.failover|lb|member-down	PASS	HTTP 503; usage Δ {"requests":1}	
route.failover|lb|up	PASS	HTTP 200; usage Δ {"requests":1,"spend_cents":250,"tokens":18}	
